night_date,direction,mean_flow,median_flow,std_flow,p95_flow,max_flow,median_abs_change,sample_count,spike_excess,coverage,lighting_period
2025-08-07,left,7.975007,7.998519,5.249655,16.697439,24.996394,4.999130,84,8.698920,1.000000,pre_lights
2025-08-07,right,20.865999,16.497608,13.479180,44.993379,65.993131,4.999313,84,28.495771,1.000000,pre_lights
2025-08-08,left,0.000000,0.000000,0.000000,0.000000,0.000000,0.000000,84,0.000000,1.000000,pre_lights
2025-08-08,right,0.000000,0.000000,0.000000,0.000000,0.000000,0.000000,84,0.000000,1.000000,pre_lights
2025-08-09,left,7.701687,6.500291,5.830025,16.999802,23.997625,2.999453,84,10.499511,1.000000,pre_lights
2025-08-09,right,18.617347,13.997529,14.536061,47.849803,56.990083,5.999029,84,33.852275,1.000000,pre_lights
2025-08-10,left,9.189602,8.998746,6.486630,19.846888,32.996804,4.999803,84,10.848141,1.000000,pre_lights
2025-08-10,right,22.628687,19.998332,13.970938,51.698745,68.993647,6.000356,84,31.700414,1.000000,pre_lights
2025-08-11,left,8.189703,6.999008,5.204869,18.846736,23.998153,3.000407,84,11.847729,1.000000,pre_lights
2025-08-11,right,18.914809,16.997009,13.477559,43.996807,74.986604,7.002465,84,26.999798,1.000000,pre_lights
2025-08-12,left,8.832288,7.999339,5.934253,19.846967,22.996472,5.998865,84,11.847628,1.000000,pre_lights
2025-08-12,right,18.343198,13.997849,12.687781,41.996150,50.993738,6.998118,84,27.998300,1.000000,pre_lights
2025-08-13,left,7.427878,5.999600,5.433328,19.847016,23.995527,2.999961,84,13.847416,1.000000,pre_lights
2025-08-13,right,18.831624,14.001579,13.949062,44.848388,74.998259,7.998219,84,30.846809,1.000000,pre_lights
2025-08-14,left,10.047027,8.498684,7.748542,20.848342,44.992549,5.998514,84,12.349659,1.000000,pre_lights
2025-08-14,right,20.296054,17.498400,14.129518,45.556167,71.991112,4.999726,84,28.057767,1.000000,pre_lights
2025-08-15,left,10.070555,7.998563,8.564688,23.848993,45.992186,4.999130,84,15.850430,1.000000,pre_lights
2025-08-15,right,20.058710,14.997441,15.916407,51.697681,63.989304,5.999777,84,36.700240,1.000000,pre_lights
2025-08-16,left,6.570878,5.998903,5.186032,16.548915,24.997877,2.999735,84,10.550012,1.000000,pre_lights
2025-08-16,right,21.867357,15.998059,15.362346,51.245139,57.997608,3.999965,84,35.247080,1.000000,pre_lights
2025-08-17,left,7.332725,5.499558,5.998283,18.849304,24.998719,4.999505,84,13.349746,1.000000,pre_lights
2025-08-17,right,23.021872,18.494215,14.951305,53.397806,66.993695,7.998475,84,34.903591,1.000000,pre_lights
2025-08-18,left,10.129994,8.998573,7.200143,21.698484,36.998794,5.999727,84,12.699911,1.000000,pre_lights
2025-08-18,right,19.747857,13.999119,14.102252,48.798226,65.993268,5.998424,84,34.799108,1.000000,pre_lights
2025-08-19,left,9.391927,7.999391,6.354531,20.698688,31.998000,4.998503,84,12.699298,1.000000,pre_lights
2025-08-19,right,20.616682,16.997394,15.803486,47.841890,94.983633,5.998924,84,30.844496,1.000000,pre_lights
2025-08-20,left,9.999084,8.999630,5.700968,19.846890,24.999939,4.001835,84,10.847261,1.000000,pre_lights
2025-08-20,right,20.640702,15.999730,14.550234,44.993774,81.986926,5.000251,84,28.994044,1.000000,pre_lights
2025-08-21,left,10.475311,8.999828,6.879758,21.849172,38.998575,6.000571,84,12.849344,1.000000,pre_lights
2025-08-21,right,19.796005,15.998649,13.191765,48.703022,54.998373,5.998985,84,32.704373,1.000000,pre_lights
2025-08-22,left,8.259727,6.998934,6.979051,17.847131,48.997729,3.999871,84,10.848196,1.000000,pre_lights
2025-08-22,right,20.279393,13.997706,15.466414,49.996653,66.989899,6.948224,84,35.998947,1.000000,pre_lights
2025-08-23,left,7.106767,6.499496,5.363609,15.849365,21.998014,3.999653,84,9.349869,1.000000,pre_lights
2025-08-23,right,20.951419,13.994953,15.706332,48.696080,61.996681,4.000076,84,34.701127,1.000000,pre_lights
2025-08-24,left,7.713411,5.999913,5.737775,16.998156,25.995561,4.012859,84,10.998243,1.000000,pre_lights
2025-08-24,right,20.259335,16.998442,13.505989,44.247011,77.997424,6.000742,84,27.248569,1.000000,pre_lights
2025-08-25,left,8.296663,6.999342,6.939568,19.996593,32.999540,5.998950,84,12.997251,1.000000,pre_lights
2025-08-25,right,18.686894,15.498574,12.533841,41.852937,60.999712,4.999152,84,26.354363,1.000000,pre_lights
2025-08-26,left,9.427573,7.998615,7.952360,27.545211,35.998632,4.999874,84,19.546597,1.000000,pre_lights
2025-08-26,right,18.998313,15.999003,12.524980,43.843697,57.992379,4.000879,84,27.844694,1.000000,pre_lights
2025-08-27,left,9.451360,8.999663,5.764654,18.846733,25.995762,4.999034,84,9.847070,1.000000,pre_lights
2025-08-27,right,20.342774,16.999242,15.006431,51.989255,62.988590,5.998896,84,34.990013,1.000000,pre_lights
2025-08-28,left,11.332503,7.999260,10.780217,26.849682,67.993986,3.999977,84,18.850422,1.000000,pre_lights
2025-08-28,right,21.605209,16.997938,15.179668,49.547274,71.993632,5.998949,84,32.549335,1.000000,pre_lights
2025-08-29,left,6.951737,5.999436,4.821568,15.849425,21.997931,3.999367,84,9.849989,1.000000,pre_lights
2025-08-29,right,19.188548,16.996887,11.769035,45.248258,61.998133,6.998246,84,28.251371,1.000000,pre_lights
2025-08-30,left,5.904232,4.999449,4.853120,14.849557,19.997882,2.999831,84,9.850108,1.000000,pre_lights
2025-08-30,right,20.176777,15.492370,14.375665,48.845216,61.989537,5.999361,84,33.352846,1.000000,pre_lights
2025-08-31,left,6.570837,4.999439,4.996665,15.698709,23.997780,3.999307,84,10.699270,1.000000,pre_lights
2025-08-31,right,20.902935,17.998242,14.653288,48.846205,80.000609,7.998616,84,30.847963,1.000000,pre_lights
2025-09-01,left,6.237433,5.999086,4.742605,14.998504,20.999377,3.999893,84,8.999418,1.000000,pre_lights
2025-09-01,right,22.747459,18.996830,14.438034,53.845690,59.989652,5.994393,84,34.848860,1.000000,pre_lights
2025-09-02,left,7.999020,6.500464,5.491866,18.996781,22.996761,3.999300,84,12.496317,1.000000,pre_lights
2025-09-02,right,18.069336,14.498181,12.847945,39.848378,74.994169,4.999136,84,25.350198,1.000000,pre_lights
2025-09-03,left,9.367979,7.998715,6.923831,22.548037,41.998063,3.999324,84,14.549322,1.000000,pre_lights
2025-09-03,right,19.628752,14.498289,16.454260,54.240773,77.003614,8.000224,84,39.742484,1.000000,pre_lights
2025-09-04,left,10.808536,9.499131,6.968116,22.998255,27.996881,5.999783,84,13.499124,1.000000,pre_lights
2025-09-04,right,19.664789,15.998985,14.044089,45.996316,57.996356,5.003019,84,29.997331,1.000000,pre_lights
2025-09-05,left,7.380256,6.999336,5.041336,15.997507,19.998121,4.000482,84,8.998172,1.000000,pre_lights
2025-09-05,right,19.188764,14.998579,12.494433,41.996346,51.991870,4.004985,84,26.997767,1.000000,pre_lights
2025-09-06,left,6.023330,4.999297,5.414720,14.848929,30.996325,3.998823,84,9.849632,1.000000,pre_lights
2025-09-06,right,19.200680,14.998706,13.852058,45.544923,64.995964,4.005522,84,30.546217,1.000000,pre_lights
2025-09-07,left,7.189767,5.998931,6.530823,19.846630,37.993694,3.999828,84,13.847700,1.000000,pre_lights
2025-09-07,right,21.938417,17.498788,15.464333,51.396598,72.987455,6.999001,84,33.897810,1.000000,pre_lights
2025-09-08,left,8.784772,8.998365,4.930622,16.847422,23.998117,4.999810,84,7.849058,1.000000,pre_lights
2025-09-08,right,17.533626,14.999627,13.422164,47.691384,59.989942,4.999892,84,32.691757,1.000000,pre_lights
2025-09-09,left,8.529315,6.999422,7.091691,19.999770,38.996707,5.499296,83,13.000348,0.988095,pre_lights
2025-09-09,right,18.684788,14.997373,13.121480,43.796915,81.986458,3.999485,83,28.799541,0.988095,pre_lights
2025-09-10,left,9.593989,7.999607,7.203776,20.996786,39.999919,4.999383,84,12.997180,1.000000,pre_lights
2025-09-10,right,20.771059,16.997043,14.923165,52.690662,80.996992,8.000092,84,35.693618,1.000000,pre_lights
2025-09-11,left,9.463329,8.998411,7.081618,22.849654,42.997485,3.999640,84,13.851243,1.000000,pre_lights
2025-09-11,right,21.759441,17.999900,14.287607,44.998802,64.989026,5.999369,84,26.998902,1.000000,pre_lights
2025-09-12,left,9.451422,7.998647,7.064270,23.997647,29.997837,4.999211,84,15.999000,1.000000,pre_lights
2025-09-12,right,21.009841,16.498198,13.146939,43.696126,64.996936,5.016508,84,27.197928,1.000000,pre_lights
2025-09-13,left,9.177380,6.998809,7.929484,25.997751,32.994129,3.999650,84,18.998942,1.000000,pre_lights
2025-09-13,right,22.818617,17.998958,14.937282,52.840713,60.990508,5.997551,84,34.841755,1.000000,pre_lights
2025-09-14,left,7.570716,4.999980,7.264530,15.999340,49.999437,3.000733,84,10.999360,1.000000,pre_lights
2025-09-14,right,22.295118,15.999027,15.329461,49.698736,75.987237,4.999661,84,33.699709,1.000000,pre_lights
2025-09-15,left,9.594232,7.999424,8.217553,21.699156,58.996514,4.999123,84,13.699731,1.000000,pre_lights
2025-09-15,right,20.783521,17.497821,14.758765,49.396974,64.988732,7.998854,84,31.899153,1.000000,pre_lights
2025-09-16,left,9.641706,8.998577,5.864571,19.846918,26.997973,4.999087,84,10.848341,1.000000,pre_lights
2025-09-16,right,19.128480,16.998326,13.460888,46.192417,62.989540,5.998661,84,29.194090,1.000000,pre_lights
2025-09-17,left,10.213333,8.002264,7.123234,24.698602,32.998351,4.998029,84,16.696338,1.000000,pre_lights
2025-09-17,right,21.259584,16.998510,14.350961,54.396514,65.995396,5.000187,84,37.398004,1.000000,pre_lights
2025-09-18,left,9.856048,8.998976,6.237780,21.996458,27.999378,4.999846,84,12.997482,1.000000,pre_lights
2025-09-18,right,20.902410,18.496766,12.949409,45.242932,64.989682,6.000395,84,26.746167,1.000000,pre_lights
2025-09-19,left,8.796915,8.000047,5.807340,17.999566,31.999297,4.999918,84,9.999519,1.000000,pre_lights
2025-09-19,right,20.319639,16.999169,13.280108,44.696172,80.992408,7.997612,84,27.697003,1.000000,pre_lights
2025-09-20,left,8.820742,7.998864,7.302369,20.848140,47.000508,4.999086,84,12.849276,1.000000,pre_lights
2025-09-20,right,21.819775,16.999567,15.240718,50.998764,71.993951,5.999272,84,33.999197,1.000000,pre_lights
2025-09-21,left,8.165740,7.499133,6.300657,19.848488,27.995225,3.999653,84,12.349355,1.000000,pre_lights
2025-09-21,right,21.616392,17.498526,14.291525,52.090970,69.988064,6.998214,84,34.592443,1.000000,pre_lights
2025-09-22,left,8.296619,7.999197,5.375710,19.681274,21.998282,3.999177,84,11.682077,1.000000,pre_lights
2025-09-22,right,19.652290,14.499071,13.351554,42.993039,68.976917,6.999976,84,28.493968,1.000000,pre_lights
2025-09-23,left,9.058437,6.998816,6.815906,18.847618,40.996794,4.997768,84,11.848802,1.000000,pre_lights
2025-09-23,right,21.128259,17.998680,14.632548,47.692786,68.988482,6.995879,84,29.694105,1.000000,pre_lights
2025-09-24,left,11.522818,9.998387,8.458445,27.997590,35.997298,5.999785,84,17.999203,1.000000,pre_lights
2025-09-24,right,20.890549,16.997884,14.677536,46.842595,69.987434,6.998076,84,29.844711,1.000000,pre_lights
2025-09-25,left,11.284536,9.998829,8.489370,27.545776,43.992562,5.998965,84,17.546948,1.000000,pre_lights
2025-09-25,right,20.486042,16.998835,14.586509,48.392347,72.994517,5.000646,84,31.393512,1.000000,pre_lights
2025-09-26,left,9.261291,8.998761,5.549556,19.002795,24.995822,5.000248,84,10.004033,1.000000,pre_lights
2025-09-26,right,20.283781,17.998206,10.964165,41.693905,63.992546,6.998952,84,23.695699,1.000000,pre_lights
2025-09-27,left,7.332850,6.999612,4.926517,15.998745,18.996863,2.001095,84,8.999133,1.000000,pre_lights
2025-09-27,right,21.510759,14.998508,16.426841,52.044984,80.985810,4.999942,84,37.046476,1.000000,pre_lights
2025-09-28,left,8.142164,6.498951,6.439746,19.001553,28.998776,4.998911,84,12.502602,1.000000,pre_lights
2025-09-28,right,20.771752,17.998229,13.129717,43.842812,51.998598,4.999217,84,25.844583,1.000000,pre_lights
2025-09-29,left,8.975394,7.499207,6.027610,19.847498,29.999654,4.999787,84,12.348290,1.000000,pre_lights
2025-09-29,right,19.498217,16.498203,13.404443,41.993113,73.990136,6.996115,84,25.494910,1.000000,pre_lights
2025-09-30,left,12.177203,9.498957,10.391235,31.546548,50.991436,5.998972,84,22.047591,1.000000,pre_lights
2025-09-30,right,21.164282,17.498547,15.453533,51.847474,80.992442,7.998182,84,34.348927,1.000000,pre_lights
2025-10-01,left,9.713530,7.999774,7.214955,23.848526,31.999153,3.999289,84,15.848753,1.000000,pre_lights
2025-10-01,right,18.235874,13.999623,17.177959,50.091852,95.919490,5.999509,84,36.092228,1.000000,pre_lights
2025-10-02,left,10.165518,8.999183,7.211249,20.849496,36.998242,5.000324,84,11.850313,1.000000,pre_lights
2025-10-02,right,20.438359,17.498212,12.368734,43.847192,58.987758,5.999125,84,26.348979,1.000000,pre_lights
2025-10-03,left,7.011537,6.999454,4.858081,14.999107,19.999212,3.999831,84,7.999653,1.000000,pre_lights
2025-10-03,right,21.213157,19.498572,11.945570,42.702357,63.000136,6.999691,84,23.203785,1.000000,pre_lights
2025-10-04,left,6.630466,5.999239,4.674014,13.999402,22.997547,3.999430,84,8.000163,1.000000,pre_lights
2025-10-04,right,23.724963,19.998643,14.930636,50.547596,64.995068,6.998856,84,30.548953,1.000000,pre_lights
2025-10-05,left,9.511182,7.999118,7.420295,22.998127,35.999335,4.000291,84,14.999009,1.000000,pre_lights
2025-10-05,right,22.522057,18.498439,15.848195,51.998078,85.966294,5.022773,84,33.499638,1.000000,pre_lights
2025-10-06,left,9.272924,7.999223,7.157470,19.998483,43.995795,4.999254,84,11.999260,1.000000,pre_lights
2025-10-06,right,20.521544,16.997128,14.297873,54.347557,70.988384,6.992578,84,37.350430,1.000000,pre_lights
2025-10-07,left,9.451094,7.999783,6.585525,19.697258,44.992422,4.004432,84,11.697475,1.000000,pre_lights
2025-10-07,right,20.878455,18.497134,15.762015,41.843068,82.986343,5.996010,84,23.345934,1.000000,pre_lights
2025-10-08,left,11.486847,9.999241,9.431286,23.998852,65.991014,5.998064,84,13.999611,1.000000,pre_lights
2025-10-08,right,20.676226,16.499499,14.271623,50.692728,63.997804,6.997603,84,34.193230,1.000000,pre_lights
2025-10-09,left,10.749218,9.497470,7.375541,25.848155,36.997630,5.998091,84,16.350685,1.000000,pre_lights
2025-10-09,right,22.927068,19.496995,15.516674,53.546288,82.987762,7.998892,84,34.049293,1.000000,pre_lights
2025-10-10,left,7.749208,6.999351,5.598407,18.549230,26.999592,5.000246,84,11.549879,1.000000,pre_lights
2025-10-10,right,20.295084,17.998669,10.405892,39.846248,43.995799,5.000236,84,21.847578,1.000000,pre_lights
2025-10-11,left,6.808931,5.999660,4.845390,15.849160,16.998739,3.999444,84,9.849500,1.000000,pre_lights
2025-10-11,right,21.616900,16.498356,14.710501,50.847931,65.996149,5.000488,84,34.349574,1.000000,pre_lights
2025-10-12,left,9.451416,7.999416,6.224916,20.848464,30.997566,5.999875,84,12.849048,1.000000,pre_lights
2025-10-12,right,19.807512,15.999129,12.611072,40.996486,65.993113,6.000570,84,24.997357,1.000000,pre_lights
2025-10-13,left,7.665702,6.497490,4.744295,14.997843,23.996063,4.998728,84,8.500352,1.000000,pre_lights
2025-10-13,right,20.437757,17.497753,13.837248,47.843318,61.995305,6.999023,84,30.345566,1.000000,pre_lights
2025-10-14,left,11.486576,9.998677,7.723987,23.846210,42.996810,5.999517,84,13.847533,1.000000,pre_lights
2025-10-14,right,18.557316,13.499003,13.456400,43.842807,67.994830,5.998781,84,30.343804,1.000000,pre_lights
2025-10-15,left,11.212913,8.999466,8.770729,25.548821,56.993425,5.997473,84,16.549355,1.000000,pre_lights
2025-10-15,right,22.175330,16.999433,13.942553,46.993090,61.989686,6.001117,84,29.993658,1.000000,pre_lights
2025-10-16,left,11.653298,9.995894,8.809807,27.548573,42.994155,5.998481,84,17.552678,1.000000,pre_lights
2025-10-16,right,23.068789,20.996328,13.738875,50.246499,65.993332,10.995063,84,29.250171,1.000000,pre_lights
2025-10-17,left,8.284961,7.499027,5.216942,17.549080,25.999351,5.005663,84,10.050053,1.000000,pre_lights
2025-10-17,right,19.819550,17.997480,11.478327,40.396088,55.996692,4.999375,84,22.398608,1.000000,pre_lights
2025-10-18,left,7.808713,5.999685,6.567586,19.546966,41.992446,3.999486,84,13.547281,1.000000,pre_lights
2025-10-18,right,21.069479,16.998004,14.088322,50.697457,69.993322,6.998757,84,33.699453,1.000000,pre_lights
2025-10-19,left,9.403363,7.999054,6.009234,19.847208,26.995340,5.996348,84,11.848154,1.000000,pre_lights
2025-10-19,right,23.543932,19.498270,14.591243,48.993688,70.988638,6.002222,84,29.495418,1.000000,pre_lights
2025-10-20,left,8.249045,7.999228,5.952530,18.699330,28.994970,4.999642,84,10.700102,1.000000,pre_lights
2025-10-20,right,20.295347,16.995771,16.082378,53.241203,77.986191,6.999455,84,36.245432,1.000000,pre_lights
2025-10-21,left,9.736278,8.998586,6.062500,21.823128,25.997361,4.999533,84,12.824542,1.000000,pre_lights
2025-10-21,right,18.747080,14.998081,15.476877,43.548341,87.985488,6.000663,84,28.550260,1.000000,pre_lights
2025-10-22,left,10.832021,9.999213,6.736894,23.001190,30.997721,6.000896,84,13.001977,1.000000,pre_lights
2025-10-22,right,22.318733,17.497847,16.091585,50.690869,79.987187,6.997828,84,33.193023,1.000000,pre_lights
2025-10-23,left,10.903295,9.998242,6.830352,22.846328,35.995468,5.000033,84,12.848086,1.000000,pre_lights
2025-10-23,right,21.521056,16.498509,14.530812,55.845032,69.985300,5.999962,84,39.346523,1.000000,pre_lights
2025-10-24,left,7.415215,6.998893,4.793584,16.849312,20.998591,3.001001,84,9.850419,1.000000,pre_lights
2025-10-24,right,19.294325,15.998147,10.482912,41.518057,49.990788,5.999095,84,25.519909,1.000000,pre_lights
2025-10-25,left,7.618406,6.998811,5.439130,17.848455,28.998476,4.999114,84,10.849644,1.000000,pre_lights
2025-10-25,right,20.795873,17.497733,14.275640,50.845339,64.996301,5.000577,84,33.347606,1.000000,pre_lights
2025-10-26,left,6.928011,6.499380,5.544162,17.848619,20.999637,4.999121,84,11.349239,1.000000,pre_lights
2025-10-26,right,18.474396,14.997543,12.547468,42.543697,59.989763,7.000288,84,27.546154,1.000000,pre_lights
2025-10-27,left,10.367853,7.999896,7.488685,25.698428,44.998338,4.000227,84,17.698532,1.000000,pre_lights
2025-10-27,right,18.426492,14.998314,15.781355,48.241779,83.985135,6.004507,84,33.243465,1.000000,pre_lights
2025-10-28,left,10.760669,9.999520,6.286911,20.998083,29.998551,5.997812,84,10.998564,1.000000,pre_lights
2025-10-28,right,22.699486,18.497375,15.868848,52.540842,82.987398,6.999876,84,34.043467,1.000000,pre_lights
2025-10-29,left,11.106027,10.499468,7.166885,24.699497,29.997642,6.000449,84,14.200029,1.000000,pre_lights
2025-10-29,right,22.092855,19.498375,14.348869,48.991596,60.989441,8.996496,84,29.493222,1.000000,pre_lights
2025-10-30,left,11.891242,10.498194,7.811337,26.848956,35.996463,5.998949,84,16.350762,1.000000,pre_lights
2025-10-30,right,20.544996,16.999089,13.683482,41.998531,75.986829,7.998422,84,24.999442,1.000000,pre_lights
2025-10-31,left,9.203628,7.999030,6.384632,17.998563,45.992008,4.999627,83,9.999533,0.988095,pre_lights
2025-10-31,right,27.297642,24.995540,12.379480,50.776440,74.999095,6.000432,83,25.780899,0.988095,pre_lights
2025-11-01,left,6.936909,5.999249,5.428040,15.997938,30.995061,3.999494,96,9.998688,1.000000,pre_lights
2025-11-01,right,18.290114,13.000075,14.132225,43.244844,74.994334,6.999842,96,30.244770,1.000000,pre_lights
2025-11-02,left,9.082219,7.499260,7.585068,22.849471,39.993296,4.999666,84,15.350211,1.000000,pre_lights
2025-11-02,right,20.664091,17.999164,14.047306,52.393310,82.985633,7.998682,84,34.394146,1.000000,pre_lights
2025-11-03,left,8.475137,7.998590,6.462090,20.847599,28.995023,5.998479,84,12.849010,1.000000,pre_lights
2025-11-03,right,20.247838,13.998878,17.885193,59.240988,80.986842,5.997984,84,45.242111,1.000000,pre_lights
2025-11-04,left,10.189388,9.499011,8.077626,19.996446,63.991552,4.999256,84,10.497435,1.000000,pre_lights
2025-11-04,right,20.354829,16.498919,15.680172,56.486645,81.994055,6.999417,84,39.987726,1.000000,pre_lights
2025-11-05,left,10.105967,8.498801,8.612894,17.999101,62.999288,3.998756,84,9.500300,1.000000,pre_lights
2025-11-05,right,18.378923,15.498306,12.902188,40.997879,60.991843,4.000329,84,25.499573,1.000000,pre_lights
2025-11-06,left,10.653389,9.498653,7.308901,22.696107,42.994450,4.999411,84,13.197454,1.000000,pre_lights
2025-11-06,right,21.032838,18.997361,14.513411,48.692455,73.988727,7.998641,84,29.695094,1.000000,pre_lights
2025-11-07,left,8.725342,7.998991,5.294120,17.849123,23.998124,4.999441,84,9.850132,1.000000,pre_lights
2025-11-07,right,19.831582,17.996896,11.050156,36.997957,61.996575,6.000698,84,19.001061,1.000000,pre_lights
2025-11-08,left,6.630094,4.999624,4.949117,16.849084,21.989283,3.998652,84,11.849461,1.000000,pre_lights
2025-11-08,right,19.640359,16.498003,11.895154,41.998100,54.995245,3.999496,84,25.500097,1.000000,pre_lights
2025-11-09,left,8.225333,7.998667,5.762505,17.697374,30.997100,4.000660,84,9.698708,1.000000,pre_lights
2025-11-09,right,20.367067,16.498990,14.572298,51.940769,76.999838,6.999428,84,35.441779,1.000000,pre_lights
2025-11-10,left,7.784978,6.999406,5.648092,17.998933,26.996216,5.999219,84,10.999527,1.000000,pre_lights
2025-11-10,right,19.164513,16.997909,12.016976,44.697689,63.986358,4.999189,84,27.699780,1.000000,pre_lights
2025-11-11,left,6.820676,5.999249,5.108154,15.849196,25.995391,3.999513,84,9.849947,1.000000,pre_lights
2025-11-11,right,20.628319,16.998238,13.762234,48.843626,72.986899,6.998732,84,31.845387,1.000000,pre_lights
2025-11-12,left,8.284818,6.998805,6.092455,22.546154,26.005002,3.999697,84,15.547349,1.000000,pre_lights
2025-11-12,right,20.354669,16.999217,13.057623,47.392961,57.993823,6.000847,84,30.393745,1.000000,pre_lights
2025-11-13,left,11.737025,9.998227,7.967820,24.847910,43.995829,5.998733,84,14.849683,1.000000,pre_lights
2025-11-13,right,19.343221,16.997122,12.752935,44.994878,60.989341,4.999663,84,27.997756,1.000000,pre_lights
2025-11-14,left,8.820613,7.999445,5.395266,18.998594,24.998061,5.000257,84,10.999149,1.000000,pre_lights
2025-11-14,right,21.974151,20.498146,13.575993,44.843006,62.989304,6.997213,84,24.344860,1.000000,pre_lights
2025-11-15,left,6.630164,5.998899,4.580180,13.998589,18.996707,3.999366,84,7.999690,1.000000,pre_lights
2025-11-15,right,20.224083,15.999229,12.128392,41.997309,60.989147,5.000672,84,25.998080,1.000000,pre_lights
2025-11-16,left,8.818317,5.000029,21.768520,14.999135,199.966099,3.999492,83,9.999106,0.988095,pre_lights
2025-11-16,right,21.094357,15.999761,16.587081,40.999252,98.983219,6.500317,83,24.999490,0.988095,pre_lights
2025-11-17,left,9.201398,6.999510,9.591734,17.998616,70.993131,5.000146,84,10.999105,1.000000,pre_lights
2025-11-17,right,18.414529,14.998089,14.408879,50.347502,74.986697,4.999469,84,35.349413,1.000000,pre_lights
2025-11-18,left,8.963825,6.999701,6.699734,22.847385,33.000361,3.999630,84,15.847684,1.000000,pre_lights
2025-11-18,right,18.867271,13.499367,15.795371,49.393167,91.989179,5.000488,84,35.893799,1.000000,pre_lights
2025-11-19,left,7.618097,5.999786,5.875225,18.850555,24.998132,3.999872,84,12.850769,1.000000,pre_lights
2025-11-19,right,19.378897,18.998131,12.266811,39.693630,63.988930,5.999457,84,20.695499,1.000000,pre_lights
2025-11-20,left,11.391500,9.999280,6.826914,23.998935,29.994573,5.000874,84,13.999655,1.000000,pre_lights
2025-11-20,right,19.890636,17.490316,12.390422,46.843149,63.988472,5.999138,84,29.352834,1.000000,pre_lights
2025-11-21,left,9.070251,8.499088,5.288320,16.999040,25.997692,3.999525,84,8.499953,1.000000,pre_lights
2025-11-21,right,19.675730,17.996767,12.271193,38.546711,86.985341,5.998245,84,20.549945,1.000000,pre_lights
2025-11-22,left,7.273323,6.499419,5.378117,16.848623,26.003099,3.000994,84,10.349204,1.000000,pre_lights
2025-11-22,right,18.808197,14.496967,13.543552,50.797446,65.007748,5.000368,84,36.300479,1.000000,pre_lights
2025-11-23,left,10.201388,8.499237,9.010337,25.849543,53.995775,5.998950,84,17.350306,1.000000,pre_lights
2025-11-23,right,19.509775,15.497760,14.560545,43.842998,79.996305,5.995496,84,28.345237,1.000000,pre_lights
2025-11-24,left,6.796727,4.999329,7.988213,19.846753,46.995939,3.999145,84,14.847424,1.000000,pre_lights
2025-11-24,right,16.497732,12.999076,15.300008,40.998292,69.995462,6.000894,84,27.999216,1.000000,pre_lights
2025-11-25,left,9.439547,8.998768,5.466508,18.848865,28.997693,4.999174,84,9.850097,1.000000,pre_lights
2025-11-25,right,20.295787,17.998079,14.447867,48.398949,85.996025,4.999694,84,30.400871,1.000000,pre_lights
2025-11-26,left,5.404276,3.999920,4.520307,12.849515,21.998009,2.999772,84,8.849595,1.000000,pre_lights
2025-11-26,right,13.974758,12.997726,9.148575,33.697234,38.996492,5.999529,84,20.699508,1.000000,pre_lights
2025-11-27,left,4.758456,3.999581,4.340342,14.794185,16.997334,3.000219,83,10.794605,0.988095,pre_lights
2025-11-27,right,22.876535,14.998708,20.799367,68.798816,76.995452,6.992882,83,53.800108,0.988095,pre_lights
2025-11-28,left,6.866245,4.999596,4.517271,15.998733,15.998801,3.499805,15,10.999137,0.178571,pre_lights
2025-11-28,right,31.331757,30.008400,6.476571,41.298239,41.996036,7.499232,15,11.289839,0.178571,pre_lights
2025-12-01,left,9.284181,6.998994,7.577266,19.841271,52.991118,4.999146,84,12.842277,1.000000,pre_lights
2025-12-01,right,18.008959,13.997943,16.697290,45.394361,92.983698,5.998929,84,31.396418,1.000000,pre_lights
2025-12-02,left,10.653417,8.998614,7.706793,23.999362,42.997874,5.998925,84,15.000748,1.000000,pre_lights
2025-12-02,right,17.605176,13.998479,12.363259,39.849171,59.969527,3.999919,84,25.850692,1.000000,pre_lights
2025-12-03,left,8.844148,6.999903,8.806550,19.697120,65.989728,5.998968,84,12.697217,1.000000,pre_lights
2025-12-03,right,19.009389,14.997646,12.930244,45.992280,60.994389,4.998515,84,30.994633,1.000000,pre_lights
2025-12-04,left,13.153566,10.499440,8.391116,27.999003,36.994866,6.000300,84,17.499563,1.000000,pre_lights
2025-12-04,right,20.914484,17.498016,14.077323,39.844232,85.992368,7.995180,84,22.346215,1.000000,pre_lights
2025-12-05,left,10.177707,8.999941,6.620266,22.698827,32.994512,4.001280,84,13.698886,1.000000,pre_lights
2025-12-05,right,21.164758,18.498325,11.714272,40.849032,64.988798,6.997904,84,22.350706,1.000000,pre_lights
2025-12-06,left,7.320669,5.999813,5.307115,16.847265,28.994961,3.997755,84,10.847452,1.000000,pre_lights
2025-12-06,right,17.414973,16.999292,9.200127,35.546407,42.996523,6.999247,84,18.547114,1.000000,pre_lights
2025-12-07,left,8.653896,7.998416,6.232788,21.849335,23.996791,4.998449,84,13.850920,1.000000,pre_lights
2025-12-07,right,17.033959,13.499487,13.827883,43.698041,73.986780,5.000866,84,30.198555,1.000000,pre_lights
2025-12-08,left,7.903988,5.999630,5.804568,19.848678,25.998671,3.999720,84,13.849048,1.000000,pre_lights
2025-12-08,right,19.629322,15.999303,14.472033,53.540864,71.986832,6.999460,84,37.541561,1.000000,pre_lights
2025-12-09,left,9.914841,8.998405,7.210903,19.899170,49.996749,4.999486,83,10.900766,0.988095,pre_lights
2025-12-09,right,17.311873,15.998061,13.048252,35.896750,69.992767,7.496251,83,19.898688,0.988095,pre_lights
2025-12-10,left,9.630082,8.998518,5.780202,20.998198,27.999005,3.999840,84,11.999680,1.000000,pre_lights
2025-12-10,right,20.748044,17.997046,15.794333,54.391564,69.993494,9.000178,84,36.394518,1.000000,pre_lights
2025-12-11,left,10.737091,8.999400,6.813800,22.998545,30.997795,5.000958,84,13.999145,1.000000,pre_lights
2025-12-11,right,22.986106,19.998401,14.679194,47.848246,90.995342,7.998715,84,27.849844,1.000000,pre_lights
2025-12-12,left,10.737105,10.999660,6.243779,20.997685,23.998370,5.000775,84,9.998025,1.000000,pre_lights
2025-12-12,right,19.438577,16.999482,9.999575,36.846453,50.998919,6.000387,84,19.846971,1.000000,pre_lights
2025-12-13,left,6.308920,4.999559,5.624208,16.848679,21.998105,3.999493,84,11.849120,1.000000,pre_lights
2025-12-13,right,13.855808,9.998351,14.600544,46.246200,59.006732,2.999338,84,36.247849,1.000000,pre_lights
2025-12-14,left,6.868527,5.999560,5.744692,17.697917,30.997412,3.999770,84,11.698357,1.000000,pre_lights
2025-12-14,right,18.629143,14.499616,15.068054,44.996084,73.987395,5.999399,84,30.496469,1.000000,pre_lights
2025-12-15,left,8.368444,7.999280,5.469806,17.998892,24.998054,5.000768,84,9.999613,1.000000,pre_lights
2025-12-15,right,17.391353,13.999682,13.764051,44.542710,64.988382,7.999822,84,30.543028,1.000000,pre_lights
2025-12-16,left,0.000000,0.000000,0.000000,0.000000,0.000000,0.000000,84,0.000000,1.000000,pre_lights
2025-12-16,right,0.000000,0.000000,0.000000,0.000000,0.000000,0.000000,84,0.000000,1.000000,pre_lights
2025-12-17,left,8.689672,7.999257,9.663425,21.696918,56.996536,4.001196,84,13.697661,1.000000,pre_lights
2025-12-17,right,12.546496,11.998576,10.760916,29.848116,40.999705,4.000038,84,17.849539,1.000000,pre_lights
2025-12-18,left,10.070532,8.998829,7.603977,23.846194,32.008454,5.998907,84,14.847365,1.000000,pre_lights
2025-12-18,right,18.795352,14.998930,14.389750,48.091835,74.987211,7.993048,84,33.092905,1.000000,pre_lights
2025-12-19,left,4.213729,2.999794,4.707934,13.848025,18.997265,1.995474,84,10.848231,1.000000,pre_lights
2025-12-19,right,4.535144,1.999890,5.625085,14.999026,23.996557,0.999940,84,12.999137,1.000000,pre_lights
2025-12-20,left,7.344391,5.999447,5.674248,16.998962,31.994678,3.999574,84,10.999515,1.000000,pre_lights
2025-12-20,right,17.474348,12.998610,12.696103,41.845596,60.994610,5.000536,84,28.846986,1.000000,pre_lights
2025-12-21,left,6.273205,4.999145,5.547398,16.847502,29.995137,3.999925,84,11.848357,1.000000,pre_lights
2025-12-21,right,16.010422,12.998361,10.896742,37.843976,55.992281,7.998703,84,24.845616,1.000000,pre_lights
2025-12-22,left,7.856203,7.498935,4.930624,15.999329,19.997966,4.999028,84,8.500394,1.000000,pre_lights
2025-12-22,right,18.688176,15.998493,13.987596,43.695619,84.985723,6.001111,84,27.697126,1.000000,pre_lights
2025-12-23,left,6.439891,4.999978,4.830097,14.999055,21.998021,3.999966,84,9.999076,1.000000,pre_lights
2025-12-23,right,19.641024,18.499266,11.328209,40.545954,54.990096,6.999837,84,22.046688,1.000000,pre_lights
2025-12-24,left,4.487719,3.999313,3.697614,10.998959,15.999937,2.000421,84,6.999647,1.000000,pre_lights
2025-12-24,right,17.820104,14.998145,11.357894,41.547533,53.995690,6.001682,84,26.549388,1.000000,pre_lights
2025-12-25,left,3.737680,2.999499,3.014184,8.849846,12.998969,1.999667,84,5.850348,1.000000,pre_lights
2025-12-25,right,17.046027,12.998307,12.472873,41.997976,58.998291,4.999160,84,28.999669,1.000000,pre_lights
2025-12-26,left,6.451817,5.999345,4.186345,13.998276,21.996306,3.999325,84,7.998932,1.000000,pre_lights
2025-12-26,right,17.248379,14.998697,10.275924,36.997914,45.996259,8.998317,84,21.999217,1.000000,pre_lights
2025-12-27,left,4.547272,2.999870,4.531733,12.847867,19.998119,1.999926,84,9.847997,1.000000,pre_lights
2025-12-27,right,14.986923,12.498823,14.621423,44.848162,59.995719,3.005961,84,32.349340,1.000000,pre_lights
2025-12-28,left,8.130222,6.999802,5.655969,16.847526,31.997928,4.999531,84,9.847724,1.000000,pre_lights
2025-12-28,right,21.164554,18.998983,14.469249,45.842935,60.989394,9.005093,84,26.843952,1.000000,pre_lights
2025-12-29,left,9.725279,7.999120,7.122001,25.245804,32.997701,5.998636,84,17.246684,1.000000,pre_lights
2025-12-29,right,20.271569,14.998267,14.605537,41.846774,76.989375,8.000140,84,26.848506,1.000000,pre_lights
2025-12-30,left,9.165754,7.999273,5.398886,17.999341,25.998432,3.999657,84,10.000067,1.000000,pre_lights
2025-12-30,right,19.640803,15.997163,13.046870,41.695866,64.998025,6.998893,84,25.698704,1.000000,pre_lights
2025-12-31,left,7.142225,5.999311,4.669581,14.998977,26.994667,3.998387,84,8.999666,1.000000,pre_lights
2025-12-31,right,19.379529,16.998146,9.760536,39.697881,46.997443,3.999854,84,22.699735,1.000000,pre_lights
2026-01-01,left,5.178167,4.999552,3.818277,12.848298,17.996788,2.999979,84,7.848746,1.000000,pre_lights
2026-01-01,right,12.510954,11.997996,7.694767,27.695469,38.005568,4.000369,84,15.697473,1.000000,pre_lights
2026-01-02,left,6.558854,5.999814,4.183189,12.999534,19.996679,3.999203,84,6.999720,1.000000,pre_lights
2026-01-02,right,14.891259,12.998512,8.086093,28.846806,42.996973,4.999149,84,15.848294,1.000000,pre_lights
2026-01-03,left,5.288716,3.999910,4.329211,12.899060,18.999130,2.000518,83,8.899150,0.988095,pre_lights
2026-01-03,right,14.167513,11.998999,8.371710,30.897392,38.996402,5.998557,83,18.898393,0.988095,pre_lights
2026-01-04,left,7.166079,6.998777,5.568087,15.998739,20.999613,4.998433,84,8.999961,1.000000,pre_lights
2026-01-04,right,16.879435,12.999096,12.377629,46.842506,61.999568,5.000338,84,33.843409,1.000000,pre_lights
2026-01-05,left,7.487430,5.999623,6.382001,20.546794,34.999425,3.999416,84,14.547172,1.000000,pre_lights
2026-01-05,right,15.320154,9.999768,12.897670,40.844518,63.999483,4.999678,84,30.844750,1.000000,pre_lights
2026-01-06,left,9.344209,6.999780,7.169072,21.998534,36.993461,4.999515,84,14.998755,1.000000,pre_lights
2026-01-06,right,16.022112,12.998198,11.336873,41.547568,55.990729,4.999742,84,28.549370,1.000000,pre_lights
2026-01-07,left,9.130043,7.999345,7.233306,22.697568,37.993515,4.998707,84,14.698223,1.000000,pre_lights
2026-01-07,right,16.736352,12.999689,12.992307,38.998952,77.986764,5.999357,84,25.999263,1.000000,pre_lights
2026-01-08,left,8.558608,6.999731,6.220960,19.996963,34.998731,4.998840,84,12.997231,1.000000,pre_lights
2026-01-08,right,16.534032,12.998659,12.982955,44.547267,65.999014,6.999391,84,31.548608,1.000000,pre_lights
2026-01-09,left,7.630089,6.499700,4.709889,17.548096,23.996790,4.998584,84,11.048396,1.000000,pre_lights
2026-01-09,right,14.569692,12.498732,8.502992,29.995806,40.998682,5.001166,84,17.497074,1.000000,pre_lights
2026-01-10,left,5.059090,3.999902,4.237509,12.699443,19.998273,2.999824,84,8.699542,1.000000,pre_lights
2026-01-10,right,14.094204,10.999665,9.969022,33.856243,40.997029,4.999124,84,22.856578,1.000000,pre_lights
2026-01-11,left,7.749197,6.999408,5.299760,16.998234,24.995560,4.999204,84,9.998826,1.000000,pre_lights
2026-01-11,right,16.903087,13.499119,12.470003,38.387797,70.999843,4.999205,84,24.888677,1.000000,pre_lights
2026-01-12,left,8.565233,5.999918,7.174960,22.897635,40.996440,4.000355,83,16.897718,0.988095,pre_lights
2026-01-12,right,16.552060,11.998958,13.380845,46.492353,59.987851,6.500725,83,34.493395,0.988095,pre_lights
2026-01-13,left,9.606265,8.998774,5.832613,20.698498,28.997720,4.999329,84,11.699724,1.000000,pre_lights
2026-01-13,right,15.831786,12.997766,10.628321,33.998273,56.995067,5.998948,84,21.000507,1.000000,pre_lights
2026-01-14,left,9.796838,7.999342,7.196890,23.849121,38.998217,4.000887,84,15.849779,1.000000,pre_lights
2026-01-14,right,17.367663,14.998701,13.567050,43.398965,68.995335,6.999139,84,28.400265,1.000000,pre_lights
2026-01-15,left,10.010931,8.999612,6.486780,21.697023,30.999160,5.998830,84,12.697410,1.000000,pre_lights
2026-01-15,right,17.617241,12.999793,12.849638,39.248635,66.988555,6.998829,84,26.248842,1.000000,pre_lights
2026-01-16,left,6.987244,6.494351,4.678315,14.998584,22.997738,3.999327,84,8.504234,1.000000,pre_lights
2026-01-16,right,14.819709,13.497643,8.723966,32.846937,41.996114,5.999933,84,19.349293,1.000000,pre_lights
2026-01-17,left,5.547060,4.999559,4.163218,12.999000,17.998385,3.998217,84,7.999441,1.000000,pre_lights
2026-01-17,right,14.915147,11.997898,10.645999,35.697176,47.992180,5.998297,84,23.699278,1.000000,pre_lights
2026-01-18,left,5.059052,4.499633,3.961388,11.849055,16.999212,3.999887,84,7.349422,1.000000,pre_lights
2026-01-18,right,15.629457,13.998576,9.798030,34.847193,40.992287,6.999365,84,20.848617,1.000000,pre_lights
2026-01-19,left,5.939892,4.999348,4.926301,15.847473,20.996431,3.999153,84,10.848126,1.000000,pre_lights
2026-01-19,right,17.819756,13.999271,13.162598,44.692973,57.010855,6.000029,84,30.693702,1.000000,pre_lights
2026-01-20,left,9.023059,7.999591,6.695927,21.698883,35.996577,4.999487,84,13.699292,1.000000,pre_lights
2026-01-20,right,13.915556,10.498966,12.036293,42.648119,62.989806,5.001433,84,32.149153,1.000000,pre_lights
2026-01-21,left,9.023105,7.999323,6.548603,17.998969,35.996921,5.000296,84,9.999646,1.000000,pre_lights
2026-01-21,right,13.903587,10.497357,10.478606,35.094429,51.996105,3.001757,84,24.597072,1.000000,pre_lights
2026-01-22,left,8.570481,5.999750,8.025107,21.999460,46.995300,5.000750,84,15.999710,1.000000,pre_lights
2026-01-22,right,15.248320,12.498663,10.963632,35.698447,49.991105,4.998548,84,23.199785,1.000000,pre_lights
2026-01-23,left,6.820815,6.499039,3.780325,12.999144,16.997019,3.999551,84,6.500105,1.000000,pre_lights
2026-01-23,right,12.070394,8.998987,8.093613,28.847981,33.997945,3.999989,84,19.848995,1.000000,pre_lights
2026-01-24,left,6.523066,5.498403,4.931555,13.850302,31.994738,2.999563,84,8.351900,1.000000,pre_lights
2026-01-24,right,13.653209,10.998712,10.361800,36.797650,40.996410,5.990269,84,25.798938,1.000000,pre_lights
2026-01-25,left,6.571091,4.999730,5.438792,15.846822,27.022423,3.999041,84,10.847092,1.000000,pre_lights
2026-01-25,right,16.355988,12.498694,12.226125,37.695185,59.048998,6.010644,84,25.196491,1.000000,pre_lights
2026-01-26,left,7.011283,4.999944,5.257993,15.848127,24.999218,3.997038,84,10.848183,1.000000,pre_lights
2026-01-26,right,14.712955,9.999267,12.311814,34.697346,69.996267,3.999799,84,24.698078,1.000000,pre_lights
2026-01-27,left,8.082604,7.997623,5.516702,17.999149,20.996246,5.999644,84,10.001526,1.000000,pre_lights
2026-01-27,right,14.415164,11.998412,11.190444,34.395520,57.994209,4.999514,84,22.397108,1.000000,pre_lights
2026-01-28,left,8.058489,6.999027,6.320628,18.847051,37.996341,5.000040,84,11.848024,1.000000,pre_lights
2026-01-28,right,14.200636,9.999052,14.426794,42.545088,78.986232,3.999454,84,32.546036,1.000000,pre_lights
2026-01-29,left,8.848702,7.499246,7.569678,20.199105,46.991778,4.999135,80,12.699860,0.952381,pre_lights
2026-01-29,right,9.598467,2.999476,16.847527,46.242718,84.985093,2.999471,80,43.243241,0.952381,pre_lights
2026-01-30,left,7.772798,6.499320,5.430915,16.692231,27.997427,3.999320,84,10.192911,1.000000,pre_lights
2026-01-30,right,6.987133,3.999782,7.096332,19.846496,32.994279,2.999502,84,15.846714,1.000000,pre_lights
2026-01-31,left,6.201753,5.999013,4.178754,12.999133,20.998206,2.999518,84,7.000121,1.000000,pre_lights
2026-01-31,right,16.605383,12.998722,11.659768,43.542768,45.996200,4.999600,84,30.544046,1.000000,pre_lights
2026-02-01,left,7.392059,6.997009,5.544552,16.849247,29.997277,4.000021,84,9.852237,1.000000,pre_lights
2026-02-01,right,19.104782,15.499240,16.121267,45.246587,90.985059,5.999034,84,29.747347,1.000000,pre_lights
2026-02-02,left,7.618175,6.999137,5.846738,16.000033,33.997342,4.999222,84,9.000896,1.000000,pre_lights
2026-02-02,right,12.593655,6.499396,15.575359,41.693116,72.991082,3.999684,84,35.193720,1.000000,pre_lights
2026-02-03,left,7.106346,6.998820,4.935264,16.848792,26.996962,3.998964,84,9.849972,1.000000,pre_lights
2026-02-03,right,17.926429,11.998410,14.584373,47.845836,68.987712,4.999108,84,35.847426,1.000000,pre_lights
2026-02-04,left,8.240079,5.999456,7.073091,23.998601,25.995552,5.998824,83,17.999146,0.988095,pre_lights
2026-02-04,right,12.793856,5.999485,17.236424,59.889807,68.004556,2.999342,83,53.890322,0.988095,pre_lights
2026-02-05,left,8.201615,7.999328,5.126199,18.998396,22.998783,4.999694,84,10.999067,1.000000,pre_lights
2026-02-05,right,17.522065,14.997457,13.355968,41.788394,75.999062,5.999392,84,26.790937,1.000000,pre_lights
2026-02-06,left,10.264283,8.999394,6.693292,20.898483,43.994147,5.499441,83,11.899089,0.988095,pre_lights
2026-02-06,right,20.167028,16.999125,12.810984,42.897106,61.998412,6.002849,83,25.897981,0.988095,pre_lights
2026-02-07,left,9.285004,7.999696,5.860711,20.998349,25.998895,4.000145,84,12.998653,1.000000,pre_lights
2026-02-07,right,21.010247,16.999980,13.074926,44.694991,58.997864,5.998716,84,27.695011,1.000000,pre_lights
2026-02-08,left,7.713476,5.999752,5.636162,17.847177,24.998152,3.999643,84,11.847426,1.000000,pre_lights
2026-02-08,right,21.545141,15.998806,16.688572,60.048163,82.985938,5.998942,84,44.049356,1.000000,pre_lights
2026-02-09,left,9.225498,8.998452,6.230954,20.998731,27.006397,4.000260,84,12.000279,1.000000,pre_lights
2026-02-09,right,17.558027,13.998860,15.596896,46.997490,106.990168,4.993964,84,32.998631,1.000000,pre_lights
2026-02-10,left,7.463703,5.999537,7.159446,18.998707,38.996939,3.999103,84,12.999170,1.000000,pre_lights
2026-02-10,right,19.260284,12.999577,16.711727,59.545150,73.987746,6.999286,84,46.545573,1.000000,pre_lights
2026-02-11,left,10.403882,6.998906,20.632751,21.846781,185.994949,3.999978,84,14.847875,1.000000,pre_lights
2026-02-11,right,17.891156,12.998389,17.656794,47.692592,102.997203,5.000301,84,34.694202,1.000000,pre_lights
2026-02-12,left,11.523109,7.998191,23.280073,19.698493,208.011357,4.999250,84,11.700302,1.000000,pre_lights
2026-02-12,right,19.533849,12.998357,17.389274,47.997893,91.984493,5.999222,84,34.999536,1.000000,pre_lights
2026-02-13,left,6.177866,5.499880,4.412648,12.848017,27.002337,3.007562,84,7.348138,1.000000,pre_lights
2026-02-13,right,10.855871,2.999612,13.260450,37.847952,42.992772,1.999897,84,34.848340,1.000000,pre_lights
2026-02-14,left,6.130311,5.499114,4.781020,16.848330,18.998275,2.000085,84,11.349216,1.000000,pre_lights
2026-02-14,right,17.914821,15.498502,11.643958,38.548349,64.997945,5.999125,84,23.049847,1.000000,pre_lights
2026-02-15,left,5.797210,4.999612,4.465852,13.847681,26.998907,2.999826,84,8.848069,1.000000,pre_lights
2026-02-15,right,16.784512,13.999008,12.313670,40.848948,63.998093,5.999550,84,26.849940,1.000000,pre_lights
2026-02-16,left,0.000000,0.000000,0.000000,0.000000,0.000000,0.000000,84,0.000000,1.000000,pre_lights
2026-02-16,right,0.000000,0.000000,0.000000,0.000000,0.000000,0.000000,84,0.000000,1.000000,pre_lights
2026-02-17,left,0.000000,0.000000,0.000000,0.000000,0.000000,0.000000,84,0.000000,1.000000,pre_lights
2026-02-17,right,0.000000,0.000000,0.000000,0.000000,0.000000,0.000000,84,0.000000,1.000000,pre_lights
2026-02-18,left,0.000000,0.000000,0.000000,0.000000,0.000000,0.000000,84,0.000000,1.000000,pre_lights
2026-02-18,right,0.000000,0.000000,0.000000,0.000000,0.000000,0.000000,84,0.000000,1.000000,pre_lights
2026-02-19,left,8.332416,6.998763,5.579935,16.999318,28.999886,3.999297,84,10.000555,1.000000,commissioning
2026-02-19,right,10.510960,8.498445,9.018062,29.998571,42.996646,4.999129,84,21.500127,1.000000,commissioning
2026-02-20,left,6.928059,5.999867,4.801238,13.999168,22.998009,3.999301,84,7.999301,1.000000,commissioning
2026-02-20,right,9.713406,7.999714,5.595400,18.998003,26.999859,3.999955,84,10.998290,1.000000,commissioning
2026-02-21,left,6.059679,5.003943,4.342671,13.999214,14.999776,3.999424,83,8.995271,0.988095,commissioning
2026-02-21,right,9.203970,6.999699,6.015353,18.899175,25.998068,3.501082,83,11.899475,0.988095,commissioning
2026-02-22,left,3.559211,2.999476,3.220011,9.849838,14.999615,2.999484,84,6.850362,1.000000,commissioning
2026-02-22,right,4.178122,2.999964,4.239607,8.999827,30.994620,2.000114,84,5.999863,1.000000,commissioning
2026-02-23,left,3.451967,2.999719,2.371197,7.848683,12.997835,1.999961,84,4.848964,1.000000,commissioning
2026-02-23,right,3.237663,1.999860,3.906765,7.999019,25.995481,1.999640,84,5.999159,1.000000,commissioning
2026-02-24,left,1.845032,0.999825,2.636284,7.848843,11.998873,0.999867,84,6.849018,1.000000,commissioning
2026-02-24,right,2.356855,0.999948,3.331153,8.848941,15.997341,0.999953,84,7.848993,1.000000,commissioning
2026-02-25,left,2.594998,1.999646,3.053889,7.999370,16.997070,1.000009,84,5.999724,1.000000,commissioning
2026-02-25,right,2.249782,1.999663,2.801871,5.999590,16.996808,0.999996,84,3.999927,1.000000,commissioning
2026-02-26,left,3.642554,2.999352,3.071788,8.999854,11.999251,1.999917,84,6.000501,1.000000,commissioning
2026-02-26,right,4.142502,2.999980,3.640618,12.697939,17.999043,1.999823,84,9.697959,1.000000,commissioning
2026-02-27,left,4.666220,3.999869,3.148022,10.848452,13.999675,1.999819,84,6.848583,1.000000,commissioning
2026-02-27,right,3.154458,2.999478,2.310032,6.999951,8.998452,1.999711,84,4.000473,1.000000,commissioning
2026-02-28,left,2.749761,1.999840,2.232523,6.849499,8.999861,1.999695,84,4.849659,1.000000,commissioning
2026-02-28,right,2.547396,1.999833,2.309590,6.999651,10.998858,1.999501,84,4.999817,1.000000,commissioning
2026-03-01,left,3.475799,2.999677,2.808787,8.699822,14.999044,1.999668,84,5.700145,1.000000,commissioning
2026-03-01,right,3.392576,2.999484,2.990173,7.999171,18.005258,1.999856,84,4.999687,1.000000,commissioning
2026-03-02,left,6.665753,5.998945,5.518570,17.847192,22.997879,4.998582,84,11.848247,1.000000,commissioning
2026-03-02,right,11.760354,8.998886,10.429509,35.846597,51.994283,5.002760,84,26.847711,1.000000,commissioning
2026-03-03,left,7.505201,6.998807,5.748947,16.897397,30.995957,4.999244,83,9.898590,0.988095,commissioning
2026-03-03,right,12.058846,8.999708,10.385527,30.797421,50.992373,5.499189,83,21.797713,0.988095,commissioning
2026-03-04,left,6.523332,4.999491,4.975601,15.848893,27.997928,4.000041,84,10.849402,1.000000,commissioning
2026-03-04,right,11.820350,10.999101,8.955509,28.999269,39.995902,6.999717,84,18.000167,1.000000,commissioning
2026-03-05,left,7.094514,6.499120,4.645050,14.998780,20.999354,4.001030,84,8.499661,1.000000,commissioning
2026-03-05,right,12.332083,9.499817,9.153963,29.845269,50.993290,4.999983,84,20.345452,1.000000,commissioning
2026-03-06,left,7.153830,6.499132,4.440766,14.848755,19.998269,2.999983,84,8.349624,1.000000,commissioning
2026-03-06,right,17.342193,14.999049,10.639760,37.846203,44.998380,4.999571,84,22.847153,1.000000,commissioning
2026-03-07,left,7.725058,6.499140,5.566930,19.698935,25.999402,4.000258,84,13.199795,1.000000,commissioning
2026-03-07,right,18.734978,16.981264,11.058983,39.998698,50.991486,5.999460,84,23.017434,1.000000,commissioning
2026-03-08,left,16.971097,4.999636,43.289542,94.193516,236.969537,3.999524,72,89.193880,0.857143,commissioning
2026-03-08,right,30.580222,22.496803,28.926208,93.351214,134.982648,8.998454,72,70.854411,0.857143,commissioning
2026-03-09,left,8.868022,6.499368,9.898423,18.850080,67.998464,5.998534,84,12.350712,1.000000,commissioning
2026-03-09,right,18.497704,13.498453,16.430583,60.093109,74.982148,7.998444,84,46.594656,1.000000,commissioning
2026-03-10,left,12.444492,4.999727,28.533712,30.495312,231.994239,4.999326,83,25.495585,0.988095,commissioning
2026-03-10,right,24.864738,15.997311,25.931806,71.790284,153.996176,7.000141,83,55.792972,0.988095,commissioning
2026-03-11,left,35.780632,9.998943,65.298367,180.967832,351.938387,10.997825,84,170.968888,1.000000,commissioning
2026-03-11,right,36.030786,17.498404,45.826847,141.525794,215.962192,16.003319,84,124.027390,1.000000,commissioning
2026-03-12,left,31.936486,8.999282,66.203653,125.129115,370.978836,9.998225,84,116.129833,1.000000,commissioning
2026-03-12,right,33.898982,15.998333,54.174074,97.386421,360.979406,13.142883,84,81.388088,1.000000,commissioning
2026-03-13,left,23.782081,6.999838,48.146881,134.684328,264.957186,8.998111,84,127.684490,1.000000,commissioning
2026-03-13,right,25.840492,13.999029,36.637969,91.240184,258.983322,10.001592,84,77.241155,1.000000,commissioning
2026-03-14,left,27.353945,7.499816,54.505516,145.475019,291.970215,7.000417,84,137.975203,1.000000,commissioning
2026-03-14,right,27.746705,14.499214,36.478814,127.678076,160.983577,12.996854,84,113.178862,1.000000,commissioning
2026-03-15,left,32.019860,8.998470,62.350435,180.968384,315.948236,8.998384,83,171.969915,0.988095,commissioning
2026-03-15,right,32.478009,15.998645,46.030915,140.091367,297.951184,12.498151,83,124.092722,0.988095,commissioning
2026-03-16,left,14.450343,7.998627,21.529886,49.188068,132.977675,6.998711,84,41.189442,1.000000,commissioning
2026-03-16,right,19.568728,14.497779,16.634100,56.344646,77.992781,8.999574,84,41.846867,1.000000,commissioning
2026-03-17,left,21.188140,9.998672,36.717295,100.542523,202.984427,7.998708,84,90.543850,1.000000,commissioning
2026-03-17,right,20.866475,13.497591,21.287788,67.093765,109.987894,8.998056,84,53.596174,1.000000,commissioning
2026-03-18,left,23.092834,9.999318,32.929302,89.984849,194.966843,11.997523,84,79.985531,1.000000,commissioning
2026-03-18,right,29.699083,16.997415,30.478275,83.837098,145.996975,13.997106,84,66.839684,1.000000,commissioning
2026-03-19,left,30.696580,11.498875,42.540408,138.503592,182.974384,15.999662,84,127.004718,1.000000,commissioning
2026-03-19,right,39.648056,22.498812,47.468900,137.900169,257.974572,20.996452,84,115.401358,1.000000,commissioning
2026-03-20,left,73.388648,43.996425,82.758150,255.693745,318.977076,70.997878,84,211.697321,1.000000,illuminated
2026-03-20,right,70.817261,40.999419,73.044824,227.383666,253.996043,59.981635,84,186.384247,1.000000,illuminated
2026-03-21,left,37.585092,11.998118,58.783491,140.879267,306.951477,20.499055,83,128.881149,0.988095,illuminated
2026-03-21,right,38.380092,18.997872,49.140070,113.677907,258.959064,23.993932,83,94.680036,0.988095,illuminated
2026-03-22,left,28.021273,13.994960,35.137975,99.392619,195.996139,14.996707,84,85.397660,1.000000,illuminated
2026-03-22,right,31.270707,20.492374,29.872878,89.791448,137.976493,25.995727,84,69.299074,1.000000,illuminated
2026-03-23,left,35.305201,11.498645,52.001538,130.345836,267.954175,13.996610,84,118.847192,1.000000,illuminated
2026-03-23,right,34.959732,14.499203,47.397990,115.210605,262.955030,11.998983,84,100.711402,1.000000,illuminated
2026-03-24,left,43.294272,19.498137,55.632762,167.188125,282.951116,19.996793,84,147.689988,1.000000,illuminated
2026-03-24,right,47.019668,27.995255,49.438833,167.270028,202.965043,17.999901,84,139.274773,1.000000,illuminated
2026-03-25,left,49.803896,16.996598,69.486290,225.636255,287.974251,21.996011,84,208.639657,1.000000,illuminated
2026-03-25,right,49.125324,22.500749,61.295937,180.268381,264.988262,20.999361,84,157.767632,1.000000,illuminated
2026-03-26,left,43.778107,13.998912,59.372552,149.776305,286.976426,19.500203,83,135.777393,0.988095,illuminated
2026-03-26,right,46.199748,20.012061,54.862903,156.073420,264.978233,25.493690,83,136.061360,0.988095,illuminated
2026-03-27,left,34.622181,11.999382,64.777838,134.488569,193.984574,14.996628,8,122.489187,0.095238,illuminated
2026-03-27,right,28.747799,18.498802,35.120405,83.943743,112.991015,18.996179,8,65.444942,0.095238,illuminated
2026-03-28,left,54.398194,17.998010,69.952527,201.818803,304.986657,30.994389,84,183.820793,1.000000,illuminated
2026-03-28,right,52.565178,24.999351,58.428707,168.846982,242.989369,35.004403,84,143.847631,1.000000,illuminated
2026-03-29,left,49.053102,15.004145,61.985821,171.171961,298.948885,20.992381,84,156.167816,1.000000,illuminated
2026-03-29,right,51.313820,28.996727,53.462825,171.572394,216.962903,26.990620,84,142.575667,1.000000,illuminated
2026-03-30,left,30.698942,8.998505,51.434342,127.989743,310.929295,11.998020,84,118.991238,1.000000,illuminated
2026-03-30,right,34.829416,16.997888,45.837417,111.391160,246.943845,12.000721,84,94.393272,1.000000,illuminated
2026-03-31,left,39.437047,11.998394,53.816736,163.521108,207.990457,15.998191,84,151.522714,1.000000,illuminated
2026-03-31,right,38.508447,22.997990,40.643192,124.694917,180.991695,18.999025,84,101.696928,1.000000,illuminated
2026-04-01,left,38.496672,11.999380,45.442329,121.844377,189.982322,18.999787,84,109.844998,1.000000,illuminated
2026-04-01,right,40.413070,24.496542,39.622166,121.238651,167.994717,17.998521,84,96.742109,1.000000,illuminated
2026-04-02,left,68.751816,20.998981,83.122505,213.814153,400.946908,56.989808,84,192.815172,1.000000,illuminated
2026-04-02,right,62.717461,37.495354,62.779020,191.666689,258.965708,41.996872,84,154.171335,1.000000,illuminated
2026-04-03,left,44.400499,16.998593,54.970511,165.307062,241.959347,38.004880,84,148.308469,1.000000,illuminated
2026-04-03,right,41.829892,26.997190,44.625754,136.976804,270.990118,27.996252,84,109.979613,1.000000,illuminated
2026-04-04,left,35.627966,12.499119,51.853914,140.873651,271.969495,18.998601,84,128.374533,1.000000,illuminated
2026-04-04,right,37.853981,20.498517,39.654961,115.474768,177.983548,19.998907,84,94.976251,1.000000,illuminated
2026-04-05,left,31.437359,10.998134,43.512579,117.839569,237.978785,17.998412,84,106.841435,1.000000,illuminated
2026-04-05,right,38.829619,22.498551,39.102712,120.240264,173.984490,15.985705,84,97.741713,1.000000,illuminated
2026-04-06,left,49.518565,14.998073,64.168721,186.837489,261.950679,28.999116,84,171.839416,1.000000,illuminated
2026-04-06,right,49.447374,25.988699,55.507470,190.945368,221.963438,23.988443,84,164.956668,1.000000,illuminated
2026-04-07,left,34.519325,12.497924,48.980588,144.485427,241.960754,19.996721,84,131.987503,1.000000,illuminated
2026-04-07,right,39.280777,21.497903,43.222732,135.646295,205.981544,16.997265,84,114.148392,1.000000,illuminated
2026-04-08,left,21.353919,7.999650,36.240239,112.987831,212.933369,8.999484,84,104.988180,1.000000,illuminated
2026-04-08,right,22.187209,13.998755,26.257025,75.939078,148.984379,9.998311,84,61.940322,1.000000,illuminated
2026-04-09,left,10.320722,5.999303,20.609163,19.548704,172.014914,4.999061,84,13.549401,1.000000,illuminated
2026-04-09,right,19.664860,15.498828,18.494169,51.693312,96.983409,5.998993,84,36.194484,1.000000,illuminated
2026-04-10,left,16.521135,6.499192,32.792729,101.883119,154.973047,5.002443,84,95.383926,1.000000,illuminated
2026-04-10,right,22.175280,11.001007,33.310013,95.484102,168.970613,9.001608,84,84.483095,1.000000,illuminated
2026-04-11,left,10.856789,4.999297,26.593293,56.323835,203.998443,2.999351,84,51.324539,1.000000,illuminated
2026-04-11,right,20.737170,12.999382,29.360588,80.045851,217.998336,6.000070,84,67.046469,1.000000,illuminated
2026-04-12,left,9.927336,4.999647,18.618180,40.297897,119.979402,4.999711,84,35.298250,1.000000,illuminated
2026-04-12,right,19.378686,12.999105,23.152720,53.093641,170.969896,4.999478,84,40.094536,1.000000,illuminated
2026-04-13,left,14.260319,7.998883,24.887138,44.496006,167.973603,5.999263,84,36.497123,1.000000,illuminated
2026-04-13,right,21.342626,13.998658,25.820878,53.546863,172.972817,7.998899,84,39.548205,1.000000,illuminated
2026-04-14,left,12.832035,6.998732,21.083616,47.096675,147.994727,4.999680,84,40.097943,1.000000,illuminated
2026-04-14,right,20.021659,13.998886,17.728749,58.845289,82.997043,6.002865,84,44.846402,1.000000,illuminated
2026-04-15,left,17.640327,7.999694,29.356110,95.344978,169.962809,5.000036,84,87.345284,1.000000,illuminated
2026-04-15,right,26.389191,18.496701,27.055229,84.196593,143.968497,9.998412,84,65.699892,1.000000,illuminated
2026-04-16,left,10.487163,6.998881,16.613839,19.849830,116.992171,4.999143,84,12.850949,1.000000,illuminated
2026-04-16,right,18.855358,12.999738,20.533226,46.542115,132.989243,7.998337,84,33.542378,1.000000,illuminated
2026-04-17,left,10.320584,3.999831,19.411016,51.241580,117.997960,3.999893,84,47.241750,1.000000,illuminated
2026-04-17,right,17.760323,11.998740,19.707617,65.389002,113.985194,5.998085,84,53.390262,1.000000,illuminated
2026-04-18,left,11.320026,4.999482,24.234084,40.096135,162.973582,3.999332,84,35.096653,1.000000,illuminated
2026-04-18,right,19.259427,12.997817,24.291226,53.594739,149.991041,6.997311,84,40.596922,1.000000,illuminated
2026-04-19,left,14.605465,4.999616,32.370902,76.686719,169.970434,5.998998,84,71.687103,1.000000,illuminated
2026-04-19,right,23.664065,13.498285,27.309565,71.544969,148.999089,8.997707,84,58.046684,1.000000,illuminated
2026-04-20,left,15.783931,6.499247,32.831015,81.298343,178.013775,5.998911,84,74.799096,1.000000,illuminated
2026-04-20,right,22.497193,11.997962,32.991917,94.847515,165.012769,6.998672,84,82.849553,1.000000,illuminated
2026-04-21,left,15.593852,4.999894,39.348584,75.397632,302.977065,4.999503,84,70.397738,1.000000,illuminated
2026-04-21,right,20.342980,10.998182,29.544579,77.696503,194.985240,7.000158,84,66.698322,1.000000,illuminated
2026-04-22,left,12.867634,7.999615,17.912858,46.792255,104.999025,6.998013,84,38.792640,1.000000,illuminated
2026-04-22,right,19.295155,12.997847,25.216482,58.490037,172.970247,7.001412,84,45.492191,1.000000,illuminated
2026-04-23,left,18.402618,9.498981,30.162446,73.541308,157.986379,6.998689,84,64.042326,1.000000,illuminated
2026-04-23,right,24.616039,16.499491,28.111441,72.547053,186.983879,7.999379,84,56.047562,1.000000,illuminated
2026-04-24,left,12.772525,5.999831,23.595745,41.698297,162.972189,4.998944,84,35.698466,1.000000,illuminated
2026-04-24,right,19.855250,14.998515,21.109801,51.399018,148.984900,6.999973,84,36.400503,1.000000,illuminated
2026-04-25,left,12.451277,4.999314,25.385093,36.547717,191.993411,3.999318,84,31.548403,1.000000,illuminated
2026-04-25,right,19.152960,10.998127,21.378370,57.547741,139.995196,5.998933,84,46.549614,1.000000,illuminated
2026-04-26,left,8.677823,4.999757,16.031877,23.549317,140.987273,3.999989,84,18.549559,1.000000,illuminated
2026-04-26,right,19.188346,13.997645,18.449970,43.848476,139.987363,5.999036,84,29.850831,1.000000,illuminated
2026-04-27,left,14.640976,6.999553,23.573879,66.243833,121.989000,5.999475,84,59.244280,1.000000,illuminated
2026-04-27,right,20.819023,14.498645,19.804859,61.842658,98.991130,8.999132,84,47.344013,1.000000,illuminated
2026-04-28,left,8.403951,5.998937,11.843377,20.848731,76.986574,3.999766,84,14.849794,1.000000,illuminated
2026-04-28,right,14.093788,9.999821,12.851345,38.995940,73.987097,7.004085,84,28.996119,1.000000,illuminated
2026-04-29,left,11.343997,6.999204,29.061342,24.696391,264.977416,4.999955,84,17.697186,1.000000,illuminated
2026-04-29,right,17.498323,10.998126,19.763905,58.540585,130.988836,6.000143,84,47.542459,1.000000,illuminated
2026-04-30,left,10.784650,5.999804,18.000895,28.098031,134.000194,4.999783,84,22.098227,1.000000,illuminated
2026-04-30,right,17.331697,10.998851,20.867177,47.824770,139.000202,6.998993,84,36.825918,1.000000,illuminated
2026-05-01,left,11.951374,5.499544,28.843979,44.442528,214.987735,3.999400,84,38.942984,1.000000,illuminated
2026-05-01,right,16.891408,10.499154,25.956664,40.643866,186.989332,5.000363,84,30.144712,1.000000,illuminated
2026-05-02,left,12.332658,4.999220,25.859189,71.246740,133.995985,4.999191,84,66.247521,1.000000,illuminated
2026-05-02,right,19.593994,10.999488,24.476462,77.344290,131.996045,6.046245,84,66.344802,1.000000,illuminated
2026-05-03,left,7.666034,4.999166,13.128322,16.848170,80.994919,2.999510,84,11.849004,1.000000,illuminated
2026-05-03,right,15.724730,10.498922,15.902537,43.092587,110.995674,4.999784,84,32.593665,1.000000,illuminated
2026-05-04,left,30.615161,8.998940,57.937534,166.473612,311.993152,9.999580,84,157.474672,1.000000,illuminated
2026-05-04,right,33.447974,15.998591,46.920473,118.429045,301.885158,8.998120,84,102.430454,1.000000,illuminated
2026-05-05,left,33.566589,10.998755,73.898692,170.887262,451.922489,9.998209,84,159.888506,1.000000,illuminated
2026-05-05,right,34.900280,16.998534,52.016816,127.716687,345.940666,11.000379,84,110.718152,1.000000,illuminated
2026-05-06,left,28.402258,8.998957,53.650541,168.837467,272.986479,8.996364,84,159.838510,1.000000,illuminated
2026-05-06,right,30.568133,15.498618,38.910216,120.829684,194.897426,8.996503,84,105.331066,1.000000,illuminated
2026-05-07,left,22.116118,7.998986,55.151069,102.034525,439.915383,6.001013,84,94.035539,1.000000,illuminated
2026-05-07,right,28.520341,16.498362,42.259609,96.992283,337.934999,7.996323,84,80.493920,1.000000,illuminated
2026-05-08,left,33.460336,6.995586,74.421988,197.577510,382.961947,4.999293,84,190.581924,1.000000,illuminated
2026-05-08,right,32.234589,14.998902,50.196142,119.834210,297.958678,7.000228,84,104.835308,1.000000,illuminated
2026-05-09,left,0.000000,0.000000,0.000000,0.000000,0.000000,0.000000,84,0.000000,1.000000,illuminated
2026-05-09,right,0.000000,0.000000,0.000000,0.000000,0.000000,0.000000,84,0.000000,1.000000,illuminated
2026-05-10,left,0.000000,0.000000,0.000000,0.000000,0.000000,0.000000,84,0.000000,1.000000,illuminated
2026-05-10,right,0.000000,0.000000,0.000000,0.000000,0.000000,0.000000,84,0.000000,1.000000,illuminated
2026-05-11,left,19.938616,8.498816,34.453024,105.887509,176.946984,6.001403,84,97.388694,1.000000,illuminated
2026-05-11,right,23.879509,13.998834,27.691457,84.996051,135.994127,7.997355,84,70.997217,1.000000,illuminated
2026-05-12,left,16.105928,7.999270,29.886659,76.346544,205.987469,6.999440,84,68.347274,1.000000,illuminated
2026-05-12,right,21.296060,13.498814,22.319413,65.947805,123.998907,6.999872,84,52.448991,1.000000,illuminated
2026-05-13,left,41.675361,11.498593,70.570294,207.094612,312.972489,16.996721,84,195.596018,1.000000,illuminated
2026-05-13,right,40.782208,19.998090,51.384688,138.946744,286.904991,12.999366,84,118.948654,1.000000,illuminated
2026-05-20,left,40.365477,11.998520,65.028569,186.137968,284.999929,14.997417,84,174.139449,1.000000,illuminated
2026-05-20,right,39.389166,21.997664,46.423957,134.586668,278.999930,11.000559,84,112.589003,1.000000,illuminated
2026-05-21,left,35.259075,9.999456,70.584711,153.641491,435.973297,7.990264,84,143.642035,1.000000,illuminated
2026-05-21,right,38.936983,21.004378,52.751329,149.427272,309.981014,11.000799,84,128.422895,1.000000,illuminated
2026-05-22,left,27.103608,8.002722,56.264012,121.693652,360.935650,8.998523,84,113.690930,1.000000,illuminated
2026-05-22,right,32.102901,16.498164,44.104893,90.488923,276.975372,6.999375,84,73.990759,1.000000,illuminated
2026-05-23,left,20.734761,5.999364,45.657274,100.510469,269.964455,4.000344,84,94.511105,1.000000,illuminated
2026-05-23,right,29.471861,15.997406,38.534271,110.822445,192.995774,7.998935,84,94.825039,1.000000,illuminated
2026-05-24,left,18.403418,6.998847,37.614903,108.484218,186.990438,6.998689,84,101.485371,1.000000,illuminated
2026-05-24,right,27.224054,14.998374,32.095721,113.683292,151.992228,5.001384,84,98.684919,1.000000,illuminated
2026-05-25,left,21.260027,5.999602,44.157185,106.640930,282.994603,5.999027,84,100.641328,1.000000,illuminated
2026-05-25,right,30.711640,18.499023,37.051008,95.043530,216.964240,6.998775,84,76.544506,1.000000,illuminated
2026-05-26,left,34.245658,5.499417,65.607383,183.169256,287.966506,8.999261,84,177.669839,1.000000,illuminated
2026-05-26,right,38.720621,20.497490,48.166921,136.379138,253.944467,11.997774,84,115.881648,1.000000,illuminated
2026-05-27,left,16.557013,6.999004,32.705233,71.537794,229.960478,6.998842,84,64.538789,1.000000,illuminated
2026-05-27,right,26.722836,18.497668,34.494070,70.487931,288.950340,8.000137,84,51.990263,1.000000,illuminated
2026-05-28,left,43.564039,11.500951,69.267346,220.215958,296.934188,8.998394,84,208.715007,1.000000,illuminated
2026-05-28,right,40.648271,19.497824,49.028352,165.374639,246.928589,16.994676,84,145.876815,1.000000,illuminated
2026-05-29,left,24.497190,8.998735,51.958251,126.777755,350.941469,7.998910,84,117.779020,1.000000,illuminated
2026-05-29,right,29.675041,15.998175,39.762544,107.483542,285.952308,8.999604,84,91.485368,1.000000,illuminated
2026-05-30,left,29.769579,8.498651,45.750657,136.380762,177.993046,6.998862,84,127.882111,1.000000,illuminated
2026-05-30,right,38.089708,19.497651,40.504197,126.644337,168.967893,10.998041,84,107.146686,1.000000,illuminated
2026-05-31,left,16.700757,5.999301,31.251344,88.442066,176.990434,4.999385,84,82.442766,1.000000,illuminated
2026-05-31,right,18.807421,11.999666,23.403340,64.647236,132.988268,4.999110,84,52.647571,1.000000,illuminated
2026-06-01,left,9.141834,4.999152,13.304204,35.645074,70.989222,3.999195,84,30.645922,1.000000,illuminated
2026-06-01,right,12.689055,9.998341,10.919108,33.846645,54.995554,4.001816,84,23.848304,1.000000,illuminated
2026-06-02,left,9.300105,5.999022,13.231308,28.597159,87.984238,5.000206,83,22.598138,0.988095,illuminated
2026-06-02,right,13.155133,8.998959,11.833497,29.999767,64.997594,4.998921,83,21.000808,0.988095,illuminated
2026-06-03,left,10.082732,5.999484,10.630592,33.547790,52.996789,4.998818,84,27.548306,1.000000,illuminated
2026-06-03,right,17.129800,14.500059,12.994585,40.998268,71.995638,4.999507,84,26.498209,1.000000,illuminated
2026-06-04,left,13.475168,8.999408,18.033805,38.196786,113.998463,4.999714,84,29.197378,1.000000,illuminated
2026-06-04,right,17.891206,11.998910,19.249383,48.393017,129.997066,5.998142,84,36.394107,1.000000,illuminated
2026-06-05,left,16.271501,6.998814,33.555885,66.040107,203.938965,5.998971,84,59.041293,1.000000,illuminated
2026-06-05,right,18.497645,11.998870,22.440946,71.947153,122.981278,5.998748,84,59.948282,1.000000,illuminated
2026-06-06,left,11.665830,5.499037,21.607953,37.796032,166.993050,4.995581,84,32.296994,1.000000,illuminated
2026-06-06,right,18.236724,12.000175,17.012314,51.713491,89.992955,7.000538,84,39.713316,1.000000,illuminated
2026-06-07,left,9.736996,4.999186,15.666557,46.494001,78.999945,3.999347,84,41.494815,1.000000,illuminated
2026-06-07,right,14.510264,9.999413,13.728400,38.843650,78.986541,5.996176,84,28.844237,1.000000,illuminated
2026-06-08,left,9.213198,6.998771,11.721903,21.696492,75.984595,4.998874,84,14.697721,1.000000,illuminated
2026-06-08,right,14.069836,9.500108,14.897897,35.546868,99.979731,5.000096,84,26.046760,1.000000,illuminated
2026-06-09,left,12.474969,7.499198,19.617475,42.695747,119.995595,5.000030,84,35.196549,1.000000,illuminated
2026-06-09,right,14.057977,8.998404,15.021662,40.847061,89.991892,5.998884,84,31.848657,1.000000,illuminated
2026-06-10,left,16.653530,6.498613,28.205882,64.849959,179.979194,6.000028,84,58.351346,1.000000,illuminated
2026-06-10,right,17.641541,8.998857,25.629655,72.842298,143.983355,5.998986,84,63.843441,1.000000,illuminated
2026-06-11,left,17.164935,6.999262,24.564893,67.688945,118.980180,11.997981,84,60.689683,1.000000,illuminated
2026-06-11,right,19.616855,15.498061,16.298004,51.841425,77.997802,7.999947,84,36.343364,1.000000,illuminated
2026-06-12,left,11.456525,4.999689,19.246375,35.996654,113.989769,3.499643,83,30.996965,0.988095,illuminated
2026-06-12,right,14.070876,10.002362,12.404377,34.706400,67.993897,5.000877,83,24.704038,0.988095,illuminated
2026-06-13,left,15.617180,4.999542,31.394907,78.244543,207.963959,4.000001,84,73.245001,1.000000,illuminated
2026-06-13,right,20.771754,13.498714,21.938122,63.295386,123.978514,5.000871,84,49.796672,1.000000,illuminated
2026-06-14,left,13.951992,6.998880,24.958592,56.498402,167.994342,6.999932,84,49.499522,1.000000,illuminated
2026-06-14,right,17.820417,11.500332,18.163919,50.845060,99.996632,5.999107,84,39.344728,1.000000,illuminated
2026-06-15,left,16.438409,6.999333,26.410836,88.336742,132.955517,6.999617,84,81.337410,1.000000,illuminated
2026-06-15,right,22.128176,12.998473,25.668412,72.394701,129.977449,10.000541,84,59.396228,1.000000,illuminated
2026-06-16,left,14.034430,7.998650,18.274639,58.688376,97.996833,5.998708,84,50.689726,1.000000,illuminated
2026-06-16,right,22.116833,15.999471,19.601835,61.547018,94.996930,8.000381,84,45.547547,1.000000,illuminated
2026-06-17,left,16.879585,8.998440,22.622984,73.646833,113.998499,7.000441,84,64.648393,1.000000,illuminated
2026-06-17,right,20.295596,13.999309,19.944928,52.542545,107.981186,6.998750,84,38.543236,1.000000,illuminated
2026-06-18,left,18.307785,9.998269,31.632348,54.997686,211.996657,6.998736,84,44.999417,1.000000,illuminated
2026-06-18,right,24.818898,20.497478,22.174937,69.347311,130.997935,8.995687,84,48.849834,1.000000,illuminated
2026-06-19,left,19.450422,7.999314,32.854231,72.689387,172.977574,6.999324,84,64.690073,1.000000,illuminated
2026-06-19,right,27.271154,18.499345,25.879736,83.643272,163.978741,9.001570,84,65.143927,1.000000,illuminated
2026-06-20,left,20.200107,7.001532,43.131853,86.741259,259.953905,4.998800,84,79.739727,1.000000,illuminated
2026-06-20,right,28.235135,16.498025,29.648058,83.642573,158.971811,7.002531,84,67.144548,1.000000,illuminated
2026-06-21,left,14.962803,8.999448,17.775783,52.944335,120.989550,7.999642,84,43.944887,1.000000,illuminated
2026-06-21,right,24.688099,17.998490,20.402930,58.549164,108.990587,8.998625,84,40.550674,1.000000,illuminated
2026-06-22,left,23.520246,9.998203,44.086031,86.394653,272.918780,6.997633,84,76.396450,1.000000,illuminated
2026-06-22,right,28.352966,17.997259,35.946879,74.944059,218.934845,7.998659,84,56.946800,1.000000,illuminated
2026-06-23,left,23.057273,9.998307,38.831784,90.041447,285.979986,9.000319,84,80.043140,1.000000,illuminated
2026-06-23,right,25.913994,13.999540,33.226221,73.788026,233.983625,8.988905,84,59.788485,1.000000,illuminated
2026-06-24,left,25.768116,10.998084,40.255856,135.290409,171.970272,6.998820,83,124.292325,0.988095,illuminated
2026-06-24,right,28.803700,17.996863,31.104308,97.883613,143.975112,7.998963,83,79.886750,0.988095,illuminated
2026-06-25,left,15.260217,7.999817,19.299672,57.192630,116.998516,6.998813,84,49.192813,1.000000,illuminated
2026-06-25,right,25.187477,20.498219,20.213192,62.938733,99.998732,7.998621,84,42.440515,1.000000,illuminated
2026-06-26,left,14.070085,7.998837,17.578074,48.846196,92.985865,5.001007,84,40.847359,1.000000,illuminated
2026-06-26,right,23.950029,16.497882,21.501997,69.644501,121.978972,7.006770,84,53.146619,1.000000,illuminated
2026-06-27,left,17.485040,5.999789,26.212999,61.482871,129.424629,5.998435,83,55.483082,0.988095,illuminated
2026-06-27,right,27.038876,15.999827,25.402292,76.897355,117.477740,7.498371,83,60.897528,0.988095,illuminated
2026-06-28,left,19.010212,10.499355,33.166849,70.389378,248.980758,7.999805,84,59.890023,1.000000,illuminated
2026-06-28,right,28.973676,21.996590,26.101943,73.937466,174.986476,10.998905,84,51.940876,1.000000,illuminated
2026-06-29,left,11.415522,3.999577,18.895935,47.792926,119.996219,3.999360,84,43.793349,1.000000,illuminated
2026-06-29,right,14.688844,8.499182,17.488206,47.944783,100.982533,4.999184,84,39.445601,1.000000,illuminated
2026-06-30,left,11.689508,4.999155,22.171462,61.490419,125.992919,4.999065,84,56.491264,1.000000,illuminated
2026-06-30,right,21.093091,10.498495,31.563237,103.192139,160.990952,5.998766,84,92.693644,1.000000,illuminated
2026-07-01,left,11.594134,3.999324,24.266550,58.999013,138.976100,2.999973,84,54.999689,1.000000,illuminated
2026-07-01,right,19.688509,8.998813,25.872339,76.644534,114.992821,5.000077,84,67.645721,1.000000,illuminated
2026-07-02,left,8.641458,3.999313,15.958861,27.995560,97.983332,3.000349,84,23.996247,1.000000,illuminated
2026-07-02,right,13.355330,8.499109,17.101543,45.542589,94.959535,5.998802,84,37.043480,1.000000,illuminated
2026-07-03,left,10.201250,3.999430,24.165010,33.947809,185.985241,4.999005,84,29.948379,1.000000,illuminated
2026-07-03,right,13.736431,6.999140,20.110603,69.141854,115.990796,3.999752,84,62.142714,1.000000,illuminated
2026-07-04,left,6.808575,4.997684,9.397691,17.847274,53.999522,2.999294,84,12.849590,1.000000,illuminated
2026-07-04,right,11.843474,6.998825,13.290025,33.694485,80.957577,4.999196,84,26.695660,1.000000,illuminated
2026-07-05,left,5.059001,3.999380,5.408736,18.098309,30.994557,3.000164,84,14.098930,1.000000,illuminated
2026-07-05,right,12.570122,9.999614,11.085021,33.846630,67.995151,5.999399,84,23.847015,1.000000,illuminated
2026-07-06,left,15.565325,5.999914,27.860770,71.897756,146.989469,4.000147,83,65.897842,0.988095,illuminated
2026-07-06,right,22.311796,9.999688,30.384070,98.891759,167.991162,9.999887,83,88.892072,0.988095,illuminated
2026-07-07,left,8.344336,4.999221,21.034301,16.849675,192.998031,2.999880,84,11.850454,1.000000,illuminated
2026-07-07,right,11.844093,8.498931,13.786373,32.245699,110.998868,5.999123,84,23.746768,1.000000,illuminated
2026-07-08,left,9.974840,2.999785,17.235413,43.794266,91.975337,2.500078,83,40.794481,0.988095,illuminated
2026-07-08,right,12.155508,4.999519,17.056643,49.387720,84.994505,2.500421,83,44.388200,0.988095,illuminated
2026-07-09,left,13.379195,5.999653,27.871783,50.694821,228.940989,4.000167,84,44.695168,1.000000,illuminated
2026-07-09,right,22.866474,13.997866,27.474212,54.994939,188.951297,8.000013,84,40.997072,1.000000,illuminated
2026-07-10,left,11.629495,6.998842,17.108632,41.843250,128.989722,5.999074,84,34.844408,1.000000,illuminated
2026-07-10,right,20.997191,16.998785,15.376761,47.692985,84.993227,6.998025,84,30.694200,1.000000,illuminated
2026-07-11,left,15.021891,4.999637,35.155986,93.946540,210.949401,3.999600,84,88.946903,1.000000,illuminated
2026-07-11,right,23.057157,14.483585,24.180801,71.847842,108.973861,8.999615,84,57.364258,1.000000,illuminated
2026-07-12,left,10.581893,5.999694,18.286697,24.995843,127.975990,4.999133,84,18.996149,1.000000,illuminated
2026-07-12,right,21.580100,15.999623,18.535813,64.838788,90.969670,7.998689,84,48.839165,1.000000,illuminated
2026-07-13,left,21.687683,8.998872,38.135763,76.623860,265.945416,8.998447,84,67.624988,1.000000,illuminated
2026-07-13,right,25.140380,14.998306,26.709214,76.044577,162.966552,9.999506,84,61.046271,1.000000,illuminated
2026-07-14,left,17.557772,7.999098,27.817878,75.082469,160.996506,6.007051,84,67.083371,1.000000,illuminated
2026-07-14,right,22.985796,15.498750,23.893048,74.697210,118.997418,8.998447,84,59.198459,1.000000,illuminated
2026-07-15,left,13.105782,6.998842,19.377172,50.994625,93.997769,3.999338,84,43.995783,1.000000,illuminated
2026-07-15,right,20.676391,12.498496,21.186572,62.539540,100.989595,4.998931,84,50.041044,1.000000,illuminated
2026-07-16,left,13.129408,8.998494,15.840679,52.848398,78.994819,6.999787,84,43.849905,1.000000,illuminated
2026-07-16,right,23.069119,17.497761,21.128135,65.939782,115.991652,11.997960,84,48.442021,1.000000,illuminated
2026-07-17,left,12.605549,7.998977,16.432544,51.669094,88.996321,4.999865,84,43.670117,1.000000,illuminated
2026-07-17,right,22.318946,15.997241,20.875393,62.398343,131.994544,5.999829,84,46.401102,1.000000,illuminated
2026-07-18,left,11.188801,5.999235,16.930250,55.990758,97.983215,3.000235,84,49.991523,1.000000,illuminated
2026-07-18,right,20.342272,12.498368,21.032621,58.533960,117.979790,5.998988,84,46.035593,1.000000,illuminated
2026-07-19,left,12.354702,4.999683,29.175446,31.544502,219.960671,3.999244,84,26.544819,1.000000,illuminated
2026-07-19,right,25.078205,16.494418,26.001639,77.938085,146.873458,7.998676,84,61.443667,1.000000,illuminated
2026-07-20,left,12.570345,7.998630,16.997391,38.697688,115.992698,5.998946,84,30.699058,1.000000,illuminated
2026-07-20,right,23.688193,17.998276,19.506853,60.996320,101.006539,7.998606,84,42.998044,1.000000,illuminated
2026-07-21,left,15.248529,7.998971,24.721859,71.245025,167.992955,8.000088,84,63.246054,1.000000,illuminated
2026-07-21,right,25.378345,16.997237,25.414734,70.539128,128.989825,7.999731,84,53.541891,1.000000,illuminated
2026-07-22,left,13.927893,7.998642,21.290308,66.940248,110.061198,5.998976,84,58.941605,1.000000,illuminated
2026-07-22,right,23.605272,16.497609,23.574820,73.788114,131.072881,10.998136,84,57.290505,1.000000,illuminated
2026-07-23,left,18.034445,8.998699,29.015594,80.137385,186.992234,5.000873,84,71.138686,1.000000,illuminated
2026-07-23,right,30.426078,21.998078,25.133563,77.944014,140.994144,12.001609,84,55.945936,1.000000,illuminated
