path,bytes,sha256
grafana-dashboard-search.json,458,f03ef76f9859c90b891fd1f8ec875b46f4b6b9e2b28da7c4dc6b7b38d4c2b36a
grafana-dashboard.json,33067,d27647806b479f617d3806635f24f4924ef585d5bb5ebfaa477b4ddef5863cab
grafana-health.json,102,1f097beae2f950bb42cd2f6bb4fc3ba3f146a19193aa423f72302f7e4316993b
prometheus-application-series.json,71693,56b991cb8b48a0f038e456593b294563b11a79b6d2893fda7265ecfda2f23f35
prometheus-blocks.txt,3151,d0cfd476de5328e115108dba26fd1928562b8006f7cf95536a23da46575d4977
prometheus-build-info.json,253,dec32ce48bb927094538488222fc45180b4e26c916e3e6ba2d8b090b08a87b4b
prometheus-flags.json,2978,4f48b323cd20631cf8b984f70f592b550598513a288ac021d88b9ed110f3fb33
prometheus-tsdb-status.json,1735,2c74fe1c5c151bfbbc68dc6e05257b4445a0181421f4301d6d8a3f75c8a00335
runtime-inventory.json,2988,5b15b25462e1a8f9ca9a289e76e02dd8fba2d33abdff670398754ac3641969a4
