last_sample_utc,next_sample_utc,last_sample_local,next_sample_local,duration_minutes
2025-08-09T21:00:00+00:00,2025-08-09T21:15:00+00:00,2025-08-09T14:00:00-07:00,2025-08-09T14:15:00-07:00,15.000000
2025-09-01T00:35:00+00:00,2025-09-01T03:00:00+00:00,2025-08-31T17:35:00-07:00,2025-08-31T20:00:00-07:00,145.000000
2025-11-29T07:15:00+00:00,2025-12-01T21:25:00+00:00,2025-11-28T23:15:00-08:00,2025-12-01T13:25:00-08:00,3730.000000
2026-01-30T09:05:00+00:00,2026-01-30T09:30:00+00:00,2026-01-30T01:05:00-08:00,2026-01-30T01:30:00-08:00,25.000000
2026-03-28T05:35:00+00:00,2026-03-28T17:10:00+00:00,2026-03-27T22:35:00-07:00,2026-03-28T10:10:00-07:00,695.000000
2026-04-03T03:20:00+00:00,2026-04-03T03:55:00+00:00,2026-04-02T20:20:00-07:00,2026-04-02T20:55:00-07:00,35.000000
2026-04-24T20:35:00+00:00,2026-04-24T20:50:00+00:00,2026-04-24T13:35:00-07:00,2026-04-24T13:50:00-07:00,15.000000
2026-04-24T20:55:00+00:00,2026-04-24T21:10:00+00:00,2026-04-24T13:55:00-07:00,2026-04-24T14:10:00-07:00,15.000000
2026-04-24T21:15:00+00:00,2026-04-24T21:30:00+00:00,2026-04-24T14:15:00-07:00,2026-04-24T14:30:00-07:00,15.000000
2026-04-24T21:45:00+00:00,2026-04-24T22:00:00+00:00,2026-04-24T14:45:00-07:00,2026-04-24T15:00:00-07:00,15.000000
2026-04-24T22:10:00+00:00,2026-04-24T22:25:00+00:00,2026-04-24T15:10:00-07:00,2026-04-24T15:25:00-07:00,15.000000
2026-04-24T23:15:00+00:00,2026-04-24T23:30:00+00:00,2026-04-24T16:15:00-07:00,2026-04-24T16:30:00-07:00,15.000000
2026-04-25T00:05:00+00:00,2026-04-25T00:20:00+00:00,2026-04-24T17:05:00-07:00,2026-04-24T17:20:00-07:00,15.000000
2026-04-25T00:20:00+00:00,2026-04-25T00:35:00+00:00,2026-04-24T17:20:00-07:00,2026-04-24T17:35:00-07:00,15.000000
2026-04-25T00:35:00+00:00,2026-04-25T00:55:00+00:00,2026-04-24T17:35:00-07:00,2026-04-24T17:55:00-07:00,20.000000
2026-05-15T04:35:00+00:00,2026-05-20T13:50:00+00:00,2026-05-14T21:35:00-07:00,2026-05-20T06:50:00-07:00,7755.000000
2026-05-25T19:25:00+00:00,2026-05-25T19:40:00+00:00,2026-05-25T12:25:00-07:00,2026-05-25T12:40:00-07:00,15.000000
2026-05-25T19:40:00+00:00,2026-05-25T19:55:00+00:00,2026-05-25T12:40:00-07:00,2026-05-25T12:55:00-07:00,15.000000
2026-05-25T19:55:00+00:00,2026-05-25T20:15:00+00:00,2026-05-25T12:55:00-07:00,2026-05-25T13:15:00-07:00,20.000000
2026-05-25T20:15:00+00:00,2026-05-25T20:30:00+00:00,2026-05-25T13:15:00-07:00,2026-05-25T13:30:00-07:00,15.000000
2026-05-25T22:40:00+00:00,2026-05-25T22:55:00+00:00,2026-05-25T15:40:00-07:00,2026-05-25T15:55:00-07:00,15.000000
2026-05-25T23:35:00+00:00,2026-05-25T23:50:00+00:00,2026-05-25T16:35:00-07:00,2026-05-25T16:50:00-07:00,15.000000
2026-05-26T00:10:00+00:00,2026-05-26T00:25:00+00:00,2026-05-25T17:10:00-07:00,2026-05-25T17:25:00-07:00,15.000000
2026-05-26T00:25:00+00:00,2026-05-26T00:40:00+00:00,2026-05-25T17:25:00-07:00,2026-05-25T17:40:00-07:00,15.000000
2026-05-26T00:40:00+00:00,2026-05-26T00:55:00+00:00,2026-05-25T17:40:00-07:00,2026-05-25T17:55:00-07:00,15.000000
2026-05-26T01:10:00+00:00,2026-05-26T01:25:00+00:00,2026-05-25T18:10:00-07:00,2026-05-25T18:25:00-07:00,15.000000
2026-05-26T02:10:00+00:00,2026-05-26T02:25:00+00:00,2026-05-25T19:10:00-07:00,2026-05-25T19:25:00-07:00,15.000000
2026-05-26T02:30:00+00:00,2026-05-26T02:45:00+00:00,2026-05-25T19:30:00-07:00,2026-05-25T19:45:00-07:00,15.000000
2026-05-26T02:50:00+00:00,2026-05-26T03:05:00+00:00,2026-05-25T19:50:00-07:00,2026-05-25T20:05:00-07:00,15.000000
