local_date,direction,mean_flow,median_flow,max_flow,sample_count,expected_samples,coverage,flow_integral_detections,counter_positive_increments,counter_resets,weekday,complete_day,lighting_period
2025-08-07,left,41.543321,43.991836,105.982624,155,288,0.538194,32196.073570,31792.000000,0,Thursday,False,pre_lights
2025-08-07,right,70.746236,69.988637,137.976114,155,288,0.538194,54828.332968,54063.000000,0,Thursday,False,pre_lights
2025-08-08,left,22.073775,6.999182,99.982191,288,288,1.000000,31786.235663,30575.000000,0,Friday,True,pre_lights
2025-08-08,right,46.605688,12.997811,181.991607,288,288,1.000000,67112.190299,66748.000000,0,Friday,True,pre_lights
2025-08-09,left,24.179706,17.997085,85.989423,286,288,0.993056,34576.979203,34946.000000,1,Saturday,True,pre_lights
2025-08-09,right,51.156478,52.499754,177.986043,286,288,0.993056,73153.763924,71890.000000,1,Saturday,True,pre_lights
2025-08-10,left,35.630389,41.992754,112.996349,287,288,0.996528,51129.607901,50615.000000,0,Sunday,True,pre_lights
2025-08-10,right,61.836548,58.992549,169.969400,287,288,0.996528,88735.446706,87694.000000,0,Sunday,True,pre_lights
2025-08-11,left,36.395287,41.493545,96.985764,288,288,1.000000,52409.213041,53437.000000,0,Monday,True,pre_lights
2025-08-11,right,68.790683,73.488128,193.966718,288,288,1.000000,99058.584214,98495.000000,0,Monday,True,pre_lights
2025-08-12,left,39.911903,48.991658,122.117736,288,288,1.000000,57473.139974,57732.000000,0,Tuesday,True,pre_lights
2025-08-12,right,68.404637,72.990166,176.987440,288,288,1.000000,98502.676851,99825.000000,0,Tuesday,True,pre_lights
2025-08-13,left,40.085518,43.992445,119.995734,287,288,0.996528,57522.718728,58108.000000,0,Wednesday,True,pre_lights
2025-08-13,right,65.999092,69.987335,182.966499,287,288,0.996528,94708.697480,97150.000000,0,Wednesday,True,pre_lights
2025-08-14,left,39.346055,38.493126,116.979897,288,288,1.000000,56658.319398,56391.000000,0,Thursday,True,pre_lights
2025-08-14,right,68.231360,68.995815,196.976786,288,288,1.000000,98253.158977,99643.000000,0,Thursday,True,pre_lights
2025-08-15,left,44.689930,47.992559,129.985066,288,288,1.000000,64353.499022,63577.000000,0,Friday,True,pre_lights
2025-08-15,right,66.167141,68.991096,160.980235,288,288,1.000000,95280.683568,94439.000000,0,Friday,True,pre_lights
2025-08-16,left,42.634052,33.998643,124.998038,287,288,0.996528,61179.864794,60075.000000,0,Saturday,True,pre_lights
2025-08-16,right,65.391569,63.989304,177.986385,287,288,0.996528,93836.901476,93494.000000,0,Saturday,True,pre_lights
2025-08-17,left,36.684640,37.998559,126.998093,288,288,1.000000,52825.881778,53708.000000,0,Sunday,True,pre_lights
2025-08-17,right,58.255964,54.993040,168.990263,288,288,1.000000,83888.587516,84503.000000,0,Sunday,True,pre_lights
2025-08-18,left,43.339338,45.495465,134.012968,288,288,1.000000,62408.646735,62745.000000,0,Monday,True,pre_lights
2025-08-18,right,64.240220,74.994400,136.983998,288,288,1.000000,92505.917305,90405.000000,0,Monday,True,pre_lights
2025-08-19,left,45.119079,46.997757,147.975192,288,288,1.000000,64971.473133,65218.000000,0,Tuesday,True,pre_lights
2025-08-19,right,61.457263,66.988674,157.971205,288,288,1.000000,88498.458066,89754.000000,0,Tuesday,True,pre_lights
2025-08-20,left,46.748307,46.493348,144.973813,288,288,1.000000,67317.561985,64555.000000,0,Wednesday,True,pre_lights
2025-08-20,right,64.107602,67.494262,155.974561,288,288,1.000000,92314.946823,91190.000000,0,Wednesday,True,pre_lights
2025-08-21,left,42.085964,41.995009,134.991527,287,288,0.996528,60393.358638,60515.000000,0,Thursday,True,pre_lights
2025-08-21,right,65.020384,71.991099,162.972542,287,288,0.996528,93304.250692,94289.000000,0,Thursday,True,pre_lights
2025-08-22,left,43.036795,43.998145,134.978262,288,288,1.000000,61972.984262,60031.000000,0,Friday,True,pre_lights
2025-08-22,right,68.699076,71.804110,185.986996,288,288,1.000000,98926.669373,99933.000000,0,Friday,True,pre_lights
2025-08-23,left,39.460365,44.493109,114.999209,288,288,1.000000,56822.925798,55583.000000,0,Saturday,True,pre_lights
2025-08-23,right,61.746485,62.943118,155.998936,288,288,1.000000,88914.937988,88410.000000,0,Saturday,True,pre_lights
2025-08-24,left,31.576692,32.495075,112.981045,288,288,1.000000,45470.436610,44583.000000,0,Sunday,True,pre_lights
2025-08-24,right,49.227663,49.997403,132.979969,288,288,1.000000,70887.834946,70738.000000,0,Sunday,True,pre_lights
2025-08-25,left,49.020610,51.498290,189.966551,288,288,1.000000,70589.677974,68698.000000,0,Monday,True,pre_lights
2025-08-25,right,66.141780,67.495873,180.989699,288,288,1.000000,95244.163408,96225.000000,0,Monday,True,pre_lights
2025-08-26,left,47.081540,52.494129,136.977739,288,288,1.000000,67797.417164,66462.000000,0,Tuesday,True,pre_lights
2025-08-26,right,69.645624,74.492180,215.997587,288,288,1.000000,100289.699259,99799.000000,0,Tuesday,True,pre_lights
2025-08-27,left,43.147277,45.994625,148.993015,288,288,1.000000,62132.078548,63610.000000,0,Wednesday,True,pre_lights
2025-08-27,right,64.519961,68.989493,183.967649,288,288,1.000000,92908.743197,93060.000000,0,Wednesday,True,pre_lights
2025-08-28,left,46.459728,45.991400,144.992308,288,288,1.000000,66902.008952,64926.000000,0,Thursday,True,pre_lights
2025-08-28,right,65.346231,69.987964,184.958523,288,288,1.000000,94098.572998,93824.000000,0,Thursday,True,pre_lights
2025-08-29,left,45.349079,47.995792,145.959885,288,288,1.000000,65302.674159,63479.000000,0,Friday,True,pre_lights
2025-08-29,right,66.450713,70.992202,175.968619,288,288,1.000000,95689.026232,96688.000000,0,Friday,True,pre_lights
2025-08-30,left,38.489946,37.999484,124.994957,288,288,1.000000,55425.521741,55022.000000,0,Saturday,True,pre_lights
2025-08-30,right,60.175486,63.997264,138.991360,288,288,1.000000,86652.699463,85762.000000,0,Saturday,True,pre_lights
2025-08-31,left,31.315171,22.997210,95.994016,259,288,0.899306,40553.146124,40123.000000,0,Sunday,False,pre_lights
2025-08-31,right,54.815674,55.988693,135.982260,259,288,0.899306,70986.297918,70400.000000,0,Sunday,False,pre_lights
2025-09-01,left,29.386900,29.494891,96.989412,288,288,1.000000,42317.136158,41361.000000,0,Monday,True,pre_lights
2025-09-01,right,57.933326,56.998485,156.990280,288,288,1.000000,83423.989679,82542.000000,0,Monday,True,pre_lights
2025-09-02,left,37.468039,31.001261,142.991680,288,288,1.000000,53953.976312,54251.000000,0,Tuesday,True,pre_lights
2025-09-02,right,68.419548,72.989185,167.986841,288,288,1.000000,98524.149139,100253.000000,0,Tuesday,True,pre_lights
2025-09-03,left,38.301004,38.495743,125.994337,288,288,1.000000,55153.446333,54288.000000,0,Wednesday,True,pre_lights
2025-09-03,right,64.530302,69.996988,146.979905,288,288,1.000000,92923.635332,91837.000000,0,Wednesday,True,pre_lights
2025-09-04,left,51.854007,47.991806,141.974646,288,288,1.000000,74669.770428,74844.000000,0,Thursday,True,pre_lights
2025-09-04,right,67.917620,73.992041,168.972596,288,288,1.000000,97801.372897,98280.000000,0,Thursday,True,pre_lights
2025-09-05,left,54.787199,60.994201,148.980638,287,288,0.996528,78619.630587,78691.000000,0,Friday,True,pre_lights
2025-09-05,right,78.177893,80.986615,185.969873,287,288,0.996528,112185.275980,112676.000000,0,Friday,True,pre_lights
2025-09-06,left,48.879480,45.991896,138.987993,287,288,0.996528,70142.053603,70019.000000,0,Saturday,True,pre_lights
2025-09-06,right,64.849953,65.989174,173.997572,287,288,0.996528,93059.682175,93932.000000,0,Saturday,True,pre_lights
2025-09-07,left,41.110295,29.498097,124.997263,288,288,1.000000,59198.825443,60214.000000,0,Sunday,True,pre_lights
2025-09-07,right,61.052582,62.998423,187.971036,288,288,1.000000,87915.718745,86831.000000,0,Sunday,True,pre_lights
2025-09-08,left,51.097128,49.995081,158.992172,288,288,1.000000,73579.864400,72946.000000,0,Monday,True,pre_lights
2025-09-08,right,68.696190,69.990067,206.963013,288,288,1.000000,98922.513422,97360.000000,0,Monday,True,pre_lights
2025-09-09,left,53.857553,42.992715,152.973506,287,288,0.996528,77285.587873,75689.000000,0,Tuesday,True,pre_lights
2025-09-09,right,67.876451,70.998577,196.966745,287,288,0.996528,97402.707684,97836.000000,0,Tuesday,True,pre_lights
2025-09-10,left,45.421213,37.994851,159.088676,288,288,1.000000,65406.546808,65361.000000,0,Wednesday,True,pre_lights
2025-09-10,right,62.349207,63.992890,203.965516,288,288,1.000000,89782.858496,89740.000000,0,Wednesday,True,pre_lights
2025-09-11,left,45.563335,41.994339,157.971284,288,288,1.000000,65611.202480,66080.000000,0,Thursday,True,pre_lights
2025-09-11,right,70.629273,74.991517,174.998813,288,288,1.000000,101706.153318,100978.000000,0,Thursday,True,pre_lights
2025-09-12,left,44.771858,40.993447,157.975882,287,288,0.996528,64247.616628,63634.000000,0,Friday,True,pre_lights
2025-09-12,right,72.284323,80.986850,162.992310,287,288,0.996528,103728.003070,102427.000000,0,Friday,True,pre_lights
2025-09-13,left,41.221372,40.993315,111.992668,288,288,1.000000,59358.776225,59018.000000,0,Saturday,True,pre_lights
2025-09-13,right,67.655695,70.989774,157.973110,288,288,1.000000,97424.201391,98599.000000,0,Saturday,True,pre_lights
2025-09-14,left,32.162842,28.498449,98.984483,288,288,1.000000,46314.492824,46199.000000,0,Sunday,True,pre_lights
2025-09-14,right,56.628648,53.490583,143.979274,288,288,1.000000,81545.253500,82760.000000,0,Sunday,True,pre_lights
2025-09-15,left,39.561581,40.998288,127.977687,288,288,1.000000,56968.677257,56690.000000,0,Monday,True,pre_lights
2025-09-15,right,68.898447,73.497196,151.994429,288,288,1.000000,99213.764380,99120.000000,0,Monday,True,pre_lights
2025-09-16,left,39.686513,28.497569,132.979224,288,288,1.000000,57148.578534,57808.000000,0,Tuesday,True,pre_lights
2025-09-16,right,69.478499,75.987148,165.982160,288,288,1.000000,100049.038402,100802.000000,0,Tuesday,True,pre_lights
2025-09-17,left,40.925902,30.994847,114.992365,288,288,1.000000,58933.299318,60277.000000,0,Wednesday,True,pre_lights
2025-09-17,right,68.905445,73.993389,159.989870,288,288,1.000000,99223.841130,102262.000000,0,Wednesday,True,pre_lights
2025-09-18,left,46.303282,41.497038,138.983139,288,288,1.000000,66676.725425,66866.000000,0,Thursday,True,pre_lights
2025-09-18,right,76.511118,82.991066,166.973393,288,288,1.000000,110176.010565,108859.000000,0,Thursday,True,pre_lights
2025-09-19,left,39.689311,36.997302,126.996893,288,288,1.000000,57152.607593,57917.000000,0,Friday,True,pre_lights
2025-09-19,right,71.147113,75.487994,183.958140,288,288,1.000000,102451.842310,102957.000000,0,Friday,True,pre_lights
2025-09-20,left,33.903432,32.003249,98.984030,288,288,1.000000,48820.941947,47941.000000,0,Saturday,True,pre_lights
2025-09-20,right,61.321387,59.989663,145.974671,288,288,1.000000,88302.797645,87783.000000,0,Saturday,True,pre_lights
2025-09-21,left,33.724734,28.495210,104.982734,288,288,1.000000,48563.616274,48088.000000,0,Sunday,True,pre_lights
2025-09-21,right,55.436977,56.484989,147.973268,288,288,1.000000,79829.246663,81347.000000,0,Sunday,True,pre_lights
2025-09-22,left,35.711694,28.495804,115.997607,288,288,1.000000,51424.840048,50822.000000,0,Monday,True,pre_lights
2025-09-22,right,67.020494,74.990213,159.998102,288,288,1.000000,96509.510699,96048.000000,0,Monday,True,pre_lights
2025-09-23,left,37.543763,26.997484,114.980268,288,288,1.000000,54063.019002,54074.000000,0,Tuesday,True,pre_lights
2025-09-23,right,68.707204,75.990897,163.995535,288,288,1.000000,98938.373786,97900.000000,0,Tuesday,True,pre_lights
2025-09-24,left,45.474023,34.495006,128.976120,288,288,1.000000,65482.592908,66160.000000,0,Wednesday,True,pre_lights
2025-09-24,right,69.123856,69.988691,188.996582,288,288,1.000000,99538.353085,98604.000000,0,Wednesday,True,pre_lights
2025-09-25,left,40.543615,32.994413,121.986736,288,288,1.000000,58382.804965,57381.000000,0,Thursday,True,pre_lights
2025-09-25,right,70.005416,75.993019,175.976387,288,288,1.000000,100807.799099,102193.000000,0,Thursday,True,pre_lights
2025-09-26,left,38.716799,35.994630,121.979087,288,288,1.000000,55752.189952,54807.000000,0,Friday,True,pre_lights
2025-09-26,right,72.829658,75.495873,165.989108,288,288,1.000000,104874.706824,104787.000000,0,Friday,True,pre_lights
2025-09-27,left,35.708836,25.495907,99.998885,288,288,1.000000,51420.723771,50680.000000,0,Saturday,True,pre_lights
2025-09-27,right,65.188829,66.492958,152.987073,288,288,1.000000,93871.914360,93766.000000,0,Saturday,True,pre_lights
2025-09-28,left,38.872048,22.996985,117.989118,287,288,0.996528,55781.388899,55578.000000,0,Sunday,True,pre_lights
2025-09-28,right,55.783268,57.991719,157.997246,287,288,0.996528,80048.989603,82417.000000,0,Sunday,True,pre_lights
2025-09-29,left,46.017868,28.998776,139.975752,287,288,0.996528,66035.641249,65712.000000,0,Monday,True,pre_lights
2025-09-29,right,66.064413,72.978548,181.982845,287,288,0.996528,94802.432284,94459.000000,0,Monday,True,pre_lights
2025-09-30,left,46.654673,35.495953,135.994970,288,288,1.000000,67182.728649,66722.000000,0,Tuesday,True,pre_lights
2025-09-30,right,66.965090,66.991355,166.986585,288,288,1.000000,96429.730195,95683.000000,0,Tuesday,True,pre_lights
2025-10-01,left,50.074939,44.495107,148.987443,288,288,1.000000,72107.912699,70599.000000,0,Wednesday,True,pre_lights
2025-10-01,right,68.427360,70.990668,182.974219,288,288,1.000000,98535.398714,97254.000000,0,Wednesday,True,pre_lights
2025-10-02,left,43.287294,29.497848,125.979073,288,288,1.000000,62333.703047,62392.000000,0,Thursday,True,pre_lights
2025-10-02,right,65.382373,66.494459,151.973293,288,288,1.000000,94150.616658,93666.000000,0,Thursday,True,pre_lights
2025-10-03,left,42.915496,34.996007,122.999084,288,288,1.000000,61798.314590,61670.000000,0,Friday,True,pre_lights
2025-10-03,right,71.725384,68.989332,209.962423,288,288,1.000000,103284.553010,104050.000000,0,Friday,True,pre_lights
2025-10-04,left,34.353868,30.996721,107.981178,288,288,1.000000,49469.569570,50051.000000,0,Saturday,True,pre_lights
2025-10-04,right,64.389074,64.988730,155.970690,288,288,1.000000,92720.266144,92961.000000,0,Saturday,True,pre_lights
2025-10-05,left,29.048997,24.996003,93.993215,288,288,1.000000,41830.555766,41829.000000,0,Sunday,True,pre_lights
2025-10-05,right,57.375654,59.994749,137.975857,288,288,1.000000,82620.941561,82213.000000,0,Sunday,True,pre_lights
2025-10-06,left,40.054790,28.497479,122.987888,288,288,1.000000,57678.897264,57313.000000,0,Monday,True,pre_lights
2025-10-06,right,65.201388,70.991005,138.941029,288,288,1.000000,93889.998317,94288.000000,0,Monday,True,pre_lights
2025-10-07,left,35.815543,29.995024,115.977829,288,288,1.000000,51574.381480,51009.000000,0,Tuesday,True,pre_lights
2025-10-07,right,66.332914,72.495766,151.994019,288,288,1.000000,95519.396375,94028.000000,0,Tuesday,True,pre_lights
2025-10-08,left,46.604031,37.995507,128.997882,288,288,1.000000,67109.804323,66180.000000,0,Wednesday,True,pre_lights
2025-10-08,right,69.949936,72.989211,173.990207,288,288,1.000000,100727.907500,101002.000000,0,Wednesday,True,pre_lights
2025-10-09,left,45.895784,29.988110,149.978431,288,288,1.000000,66089.929009,65280.000000,0,Thursday,True,pre_lights
2025-10-09,right,69.955170,72.499528,158.999159,288,288,1.000000,100735.445456,99274.000000,0,Thursday,True,pre_lights
2025-10-10,left,37.587147,28.997572,121.997558,287,288,0.996528,53937.556533,54043.000000,0,Friday,True,pre_lights
2025-10-10,right,66.311874,71.989240,141.994654,287,288,0.996528,95157.539003,96069.000000,0,Friday,True,pre_lights
2025-10-11,left,33.809230,22.497867,104.996780,288,288,1.000000,48685.290639,48379.000000,0,Saturday,True,pre_lights
2025-10-11,right,60.417372,61.994245,133.994148,288,288,1.000000,87001.015620,87682.000000,0,Saturday,True,pre_lights
2025-10-12,left,28.464120,16.999006,95.995306,287,288,0.996528,40846.012730,42141.000000,0,Sunday,True,pre_lights
2025-10-12,right,56.283326,56.995487,147.978814,287,288,0.996528,80766.572875,80698.000000,0,Sunday,True,pre_lights
2025-10-13,left,20.021986,9.999387,118.980182,286,288,0.993056,28631.439716,28800.000000,0,Monday,True,pre_lights
2025-10-13,right,40.033014,26.497322,167.008545,286,288,0.993056,57247.209843,57967.000000,0,Monday,True,pre_lights
2025-10-14,left,37.165241,19.996964,120.979834,287,288,0.996528,53332.121536,54046.000000,0,Tuesday,True,pre_lights
2025-10-14,right,61.862337,61.995305,159.973639,287,288,0.996528,88772.454030,89895.000000,0,Tuesday,True,pre_lights
2025-10-15,left,44.052544,32.994813,156.998218,288,288,1.000000,63435.663560,62280.000000,0,Wednesday,True,pre_lights
2025-10-15,right,71.461473,76.492805,181.996910,288,288,1.000000,102904.521613,101616.000000,0,Wednesday,True,pre_lights
2025-10-16,left,36.283526,27.497380,112.998878,288,288,1.000000,52248.276766,52076.000000,0,Thursday,True,pre_lights
2025-10-16,right,69.852082,76.544248,157.995453,288,288,1.000000,100586.998458,99322.000000,0,Thursday,True,pre_lights
2025-10-17,left,33.513544,24.495887,112.980481,288,288,1.000000,48259.503319,47041.000000,0,Friday,True,pre_lights
2025-10-17,right,68.158982,73.004698,173.096628,288,288,1.000000,98148.933861,99791.000000,0,Friday,True,pre_lights
2025-10-18,left,27.018264,17.998128,97.998569,288,288,1.000000,38906.300709,39032.000000,0,Saturday,True,pre_lights
2025-10-18,right,63.091539,62.488850,141.999472,288,288,1.000000,90851.815853,91165.000000,0,Saturday,True,pre_lights
2025-10-19,left,24.983172,18.998854,73.986966,288,288,1.000000,35975.767640,35612.000000,0,Sunday,True,pre_lights
2025-10-19,right,56.107363,57.024263,137.985827,288,288,1.000000,80794.602684,81736.000000,0,Sunday,True,pre_lights
2025-10-20,left,30.867413,20.997470,123.976236,287,288,0.996528,44294.737265,43521.000000,0,Monday,True,pre_lights
2025-10-20,right,61.052285,67.988304,165.985706,287,288,0.996528,87610.028496,86386.000000,0,Monday,True,pre_lights
2025-10-21,left,30.860247,23.996336,114.982708,288,288,1.000000,44438.755049,45163.000000,0,Tuesday,True,pre_lights
2025-10-21,right,60.331214,63.494301,145.987966,288,288,1.000000,86876.947639,86787.000000,0,Tuesday,True,pre_lights
2025-10-22,left,40.191022,28.492866,122.983699,288,288,1.000000,57875.071732,57058.000000,0,Wednesday,True,pre_lights
2025-10-22,right,67.214674,72.993335,182.983047,288,288,1.000000,96789.130207,97416.000000,0,Wednesday,True,pre_lights
2025-10-23,left,34.659224,25.996608,105.982315,288,288,1.000000,49909.282658,50644.000000,0,Thursday,True,pre_lights
2025-10-23,right,68.766315,73.493397,195.988485,288,288,1.000000,99023.493447,98390.000000,0,Thursday,True,pre_lights
2025-10-24,left,35.354007,23.497375,118.980296,288,288,1.000000,50909.770297,51103.000000,0,Friday,True,pre_lights
2025-10-24,right,66.282973,65.986774,207.990079,288,288,1.000000,95447.480963,95084.000000,0,Friday,True,pre_lights
2025-10-25,left,29.725670,16.495756,106.987989,288,288,1.000000,42804.964638,42618.000000,0,Saturday,True,pre_lights
2025-10-25,right,58.429186,54.993033,161.987198,288,288,1.000000,84138.027528,83917.000000,0,Saturday,True,pre_lights
2025-10-26,left,27.396176,15.498016,88.997157,288,288,1.000000,39450.493800,38426.000000,0,Sunday,True,pre_lights
2025-10-26,right,52.375765,46.995120,127.979824,288,288,1.000000,75421.102105,75393.000000,0,Sunday,True,pre_lights
2025-10-27,left,33.669552,22.999077,111.981340,288,288,1.000000,48484.155033,48462.000000,0,Monday,True,pre_lights
2025-10-27,right,66.488239,71.991903,177.970931,288,288,1.000000,95743.064449,95887.000000,0,Monday,True,pre_lights
2025-10-28,left,36.043881,24.995802,138.995675,288,288,1.000000,51903.188243,51817.000000,0,Tuesday,True,pre_lights
2025-10-28,right,64.057541,69.989805,141.975384,288,288,1.000000,92242.859703,93778.000000,0,Tuesday,True,pre_lights
2025-10-29,left,35.572098,23.993643,122.997196,288,288,1.000000,51223.820439,50319.000000,0,Wednesday,True,pre_lights
2025-10-29,right,67.453712,73.987491,184.967781,288,288,1.000000,97133.345890,96897.000000,0,Wednesday,True,pre_lights
2025-10-30,left,36.779961,27.994946,104.982692,288,288,1.000000,52963.143379,52262.000000,0,Thursday,True,pre_lights
2025-10-30,right,66.488212,59.991301,198.964399,288,288,1.000000,95743.025246,96253.000000,0,Thursday,True,pre_lights
2025-10-31,left,29.167230,22.496417,100.981808,286,288,0.993056,41709.139094,41271.000000,0,Friday,True,pre_lights
2025-10-31,right,66.299312,70.991267,155.973435,286,288,0.993056,94808.015495,95354.000000,0,Friday,True,pre_lights
2025-11-01,left,25.726599,16.998406,74.987493,288,288,1.000000,37046.301940,37681.000000,0,Saturday,True,pre_lights
2025-11-01,right,63.191774,57.494886,152.973480,288,288,1.000000,90996.153910,91972.000000,0,Saturday,True,pre_lights
2025-11-02,left,20.434937,12.997771,83.993336,300,300,1.000000,30652.405889,30009.000000,0,Sunday,True,pre_lights
2025-11-02,right,51.328612,46.993184,163.972349,300,300,1.000000,76992.917801,75953.000000,0,Sunday,True,pre_lights
2025-11-03,left,31.287611,23.997024,105.992427,288,288,1.000000,45054.159514,45398.000000,0,Monday,True,pre_lights
2025-11-03,right,65.120327,62.989685,174.995753,288,288,1.000000,93773.271389,94389.000000,0,Monday,True,pre_lights
2025-11-04,left,40.022943,23.498617,132.976667,288,288,1.000000,57633.037419,55866.000000,0,Tuesday,True,pre_lights
2025-11-04,right,66.617192,67.489922,177.996235,288,288,1.000000,95928.756658,95072.000000,0,Tuesday,True,pre_lights
2025-11-05,left,37.297897,21.996455,157.959173,288,288,1.000000,53708.972164,52604.000000,0,Wednesday,True,pre_lights
2025-11-05,right,66.475115,67.988917,162.973416,288,288,1.000000,95724.165413,96281.000000,0,Wednesday,True,pre_lights
2025-11-06,left,35.319503,25.995441,109.981204,288,288,1.000000,50860.083642,49955.000000,0,Thursday,True,pre_lights
2025-11-06,right,69.885397,68.494503,189.969419,288,288,1.000000,100634.971532,100906.000000,0,Thursday,True,pre_lights
2025-11-07,left,32.107410,22.996120,126.985228,288,288,1.000000,46234.669835,45969.000000,0,Friday,True,pre_lights
2025-11-07,right,71.468085,73.500880,182.993061,288,288,1.000000,102914.042368,102745.000000,0,Friday,True,pre_lights
2025-11-08,left,19.231245,10.998211,105.995930,288,288,1.000000,27692.993324,27015.000000,0,Saturday,True,pre_lights
2025-11-08,right,44.375449,36.493229,155.073743,288,288,1.000000,63900.646048,64385.000000,0,Saturday,True,pre_lights
2025-11-09,left,22.421215,14.999075,73.992719,288,288,1.000000,32286.550064,31618.000000,0,Sunday,True,pre_lights
2025-11-09,right,55.653915,52.985974,148.973651,288,288,1.000000,80141.637039,79818.000000,0,Sunday,True,pre_lights
2025-11-10,left,34.870768,23.995840,117.979251,288,288,1.000000,50213.906418,49503.000000,0,Monday,True,pre_lights
2025-11-10,right,63.346461,62.990574,171.970768,288,288,1.000000,91218.904532,90495.000000,0,Monday,True,pre_lights
2025-11-11,left,36.072261,22.996162,124.991630,287,288,0.996528,51763.694929,52519.000000,0,Tuesday,True,pre_lights
2025-11-11,right,65.936361,66.989100,189.970570,287,288,0.996528,94618.678537,94430.000000,0,Tuesday,True,pre_lights
2025-11-12,left,42.366701,21.999156,153.981640,288,288,1.000000,61008.050110,59980.000000,0,Wednesday,True,pre_lights
2025-11-12,right,66.790797,67.993885,163.936560,288,288,1.000000,96178.747813,96629.000000,0,Wednesday,True,pre_lights
2025-11-13,left,28.986107,17.998630,117.998610,288,288,1.000000,41739.994039,41000.000000,0,Thursday,True,pre_lights
2025-11-13,right,55.243303,48.494130,157.995150,288,288,1.000000,79550.355766,78696.000000,0,Thursday,True,pre_lights
2025-11-14,left,33.892368,24.996125,131.999628,288,288,1.000000,48805.009379,47708.000000,0,Friday,True,pre_lights
2025-11-14,right,66.368374,71.488012,186.967923,288,288,1.000000,95570.458292,94938.000000,0,Friday,True,pre_lights
2025-11-15,left,34.968720,16.998643,120.995009,288,288,1.000000,50354.956241,50416.000000,0,Saturday,True,pre_lights
2025-11-15,right,62.764719,61.498150,145.975070,288,288,1.000000,90381.194649,91222.000000,0,Saturday,True,pre_lights
2025-11-16,left,28.039031,14.498910,94.984678,288,288,1.000000,40376.204054,41340.000000,0,Sunday,True,pre_lights
2025-11-16,right,55.397876,51.997412,138.997169,288,288,1.000000,79772.941643,78761.000000,0,Sunday,True,pre_lights
2025-11-17,left,35.061962,23.995472,199.966099,287,288,0.996528,50313.915368,48092.000000,0,Monday,True,pre_lights
2025-11-17,right,63.173938,59.990379,188.992408,287,288,0.996528,90654.601328,90515.000000,0,Monday,True,pre_lights
2025-11-18,left,34.523833,25.996833,157.974901,288,288,1.000000,49714.319394,48939.000000,0,Tuesday,True,pre_lights
2025-11-18,right,57.410106,62.493738,165.990226,288,288,1.000000,82670.552452,81955.000000,0,Tuesday,True,pre_lights
2025-11-19,left,36.568344,22.997806,134.976567,288,288,1.000000,52658.415544,54197.000000,0,Wednesday,True,pre_lights
2025-11-19,right,62.364132,60.989403,173.969025,288,288,1.000000,89804.350317,89039.000000,0,Wednesday,True,pre_lights
2025-11-20,left,30.191902,18.999154,130.977232,287,288,0.996528,43325.379305,43285.000000,0,Thursday,True,pre_lights
2025-11-20,right,54.997878,52.998768,153.998000,287,288,0.996528,78921.955347,79112.000000,0,Thursday,True,pre_lights
2025-11-21,left,34.971944,25.997692,143.991428,287,288,0.996528,50184.738947,49071.000000,0,Friday,True,pre_lights
2025-11-21,right,61.206021,62.994446,158.973576,287,288,0.996528,87830.639777,88720.000000,0,Friday,True,pre_lights
2025-11-22,left,25.518834,16.999534,82.998505,288,288,1.000000,36747.120411,36195.000000,0,Saturday,True,pre_lights
2025-11-22,right,56.585660,58.495500,139.993869,288,288,1.000000,81483.350857,80529.000000,0,Saturday,True,pre_lights
2025-11-23,left,22.463827,13.999193,78.993403,287,288,0.996528,32235.592292,32439.000000,0,Sunday,True,pre_lights
2025-11-23,right,48.722566,48.992510,148.998716,287,288,0.996528,69916.881939,70046.000000,0,Sunday,True,pre_lights
2025-11-24,left,33.167256,24.999635,104.982639,286,288,0.993056,47429.175478,46196.000000,0,Monday,True,pre_lights
2025-11-24,right,56.608253,59.511088,150.984577,286,288,0.993056,80949.801354,81738.000000,0,Monday,True,pre_lights
2025-11-25,left,30.298404,23.995692,130.981001,288,288,1.000000,43629.701538,42059.000000,0,Tuesday,True,pre_lights
2025-11-25,right,54.559188,55.993004,163.989713,288,288,1.000000,78565.230227,77071.000000,0,Tuesday,True,pre_lights
2025-11-26,left,31.624948,20.998086,95.000000,288,288,1.000000,45539.924953,43723.000000,0,Wednesday,True,pre_lights
2025-11-26,right,57.802947,59.989011,157.972750,288,288,1.000000,83236.244358,83259.000000,0,Wednesday,True,pre_lights
2025-11-27,left,20.685494,10.998456,72.993086,288,288,1.000000,29787.111379,29604.000000,0,Thursday,True,pre_lights
2025-11-27,right,45.252097,46.988276,97.995673,288,288,1.000000,65163.019473,66716.000000,0,Thursday,True,pre_lights
2025-11-28,left,22.670704,16.997215,87.996508,278,288,0.965278,31512.278438,31537.000000,0,Friday,True,pre_lights
2025-11-28,right,52.574714,50.993342,138.990907,278,288,0.965278,73078.851913,74030.000000,0,Friday,True,pre_lights
2025-12-01,left,29.642379,19.996565,84.991657,127,288,0.440972,18822.910397,107063.000000,0,Monday,False,pre_lights
2025-12-01,right,47.096838,38.993981,117.999160,127,288,0.440972,29906.492089,228784.000000,0,Monday,False,pre_lights
2025-12-02,left,33.137457,24.996185,104.980517,288,288,1.000000,47717.937940,47839.000000,0,Tuesday,True,pre_lights
2025-12-02,right,67.333647,64.988232,181.971598,288,288,1.000000,96960.451179,98122.000000,0,Tuesday,True,pre_lights
2025-12-03,left,36.887956,25.996892,124.991199,288,288,1.000000,53118.656195,52587.000000,0,Wednesday,True,pre_lights
2025-12-03,right,65.196985,66.993084,183.969826,288,288,1.000000,93883.658194,95410.000000,0,Wednesday,True,pre_lights
2025-12-04,left,34.517100,27.497570,146.971436,288,288,1.000000,49704.624712,48443.000000,0,Thursday,True,pre_lights
2025-12-04,right,67.193932,68.007039,149.986324,288,288,1.000000,96759.262601,95683.000000,0,Thursday,True,pre_lights
2025-12-05,left,30.170860,21.999167,94.994649,288,288,1.000000,43446.038653,44163.000000,0,Friday,True,pre_lights
2025-12-05,right,69.135863,67.494173,178.993109,288,288,1.000000,99555.642632,99462.000000,0,Friday,True,pre_lights
2025-12-06,left,24.830950,16.997355,76.999076,287,288,0.996528,35632.413125,35284.000000,0,Saturday,True,pre_lights
2025-12-06,right,58.221873,58.993455,151.994620,287,288,0.996528,83548.387722,82857.000000,0,Saturday,True,pre_lights
2025-12-07,left,21.247854,11.999064,84.986296,288,288,1.000000,30596.909722,31554.000000,0,Sunday,True,pre_lights
2025-12-07,right,49.835239,47.491895,160.998838,288,288,1.000000,71762.744289,70878.000000,0,Sunday,True,pre_lights
2025-12-08,left,28.392678,22.999048,110.998739,288,288,1.000000,40885.455971,41244.000000,0,Monday,True,pre_lights
2025-12-08,right,58.490081,56.993469,190.962594,288,288,1.000000,84225.716902,84346.000000,0,Monday,True,pre_lights
2025-12-09,left,32.829654,23.498562,99.983335,288,288,1.000000,47274.702159,46712.000000,0,Tuesday,True,pre_lights
2025-12-09,right,64.975436,57.995087,198.985344,288,288,1.000000,93564.628339,93910.000000,0,Tuesday,True,pre_lights
2025-12-10,left,30.690463,24.995565,101.982206,287,288,0.996528,44040.814845,45280.000000,0,Wednesday,True,pre_lights
2025-12-10,right,67.916700,69.987660,173.972939,287,288,0.996528,97460.464287,96900.000000,0,Wednesday,True,pre_lights
2025-12-11,left,31.212098,22.997345,110.989266,288,288,1.000000,44945.421042,44871.000000,0,Thursday,True,pre_lights
2025-12-11,right,68.701556,65.992504,178.986764,288,288,1.000000,98930.241282,100209.000000,0,Thursday,True,pre_lights
2025-12-12,left,31.135331,22.996437,124.978668,288,288,1.000000,44834.876819,44233.000000,0,Friday,True,pre_lights
2025-12-12,right,66.641785,71.489046,157.996916,288,288,1.000000,95964.170009,97388.000000,0,Friday,True,pre_lights
2025-12-13,left,24.387115,16.999480,85.995600,288,288,1.000000,35117.445931,34205.000000,0,Saturday,True,pre_lights
2025-12-13,right,59.283786,63.496503,143.998037,288,288,1.000000,85368.651914,85890.000000,0,Saturday,True,pre_lights
2025-12-14,left,18.338965,11.998497,75.993280,288,288,1.000000,26408.109229,26669.000000,0,Sunday,True,pre_lights
2025-12-14,right,44.038309,39.498008,152.998812,288,288,1.000000,63415.164622,63877.000000,0,Sunday,True,pre_lights
2025-12-15,left,31.649717,19.998416,107.982519,288,288,1.000000,45575.592420,45806.000000,0,Monday,True,pre_lights
2025-12-15,right,62.306454,59.990192,161.989900,288,288,1.000000,89721.293779,91054.000000,0,Monday,True,pre_lights
2025-12-16,left,10.315955,0.000000,122.979778,287,288,0.996528,14803.395988,14435.000000,0,Tuesday,True,pre_lights
2025-12-16,right,24.882537,0.000000,164.974033,287,288,0.996528,35706.440239,36965.000000,0,Tuesday,True,pre_lights
2025-12-17,left,19.633963,0.000000,118.981195,286,288,0.993056,28076.567552,28954.000000,0,Wednesday,True,pre_lights
2025-12-17,right,28.339276,6.499781,174.972491,286,288,0.993056,40525.164162,40543.000000,0,Wednesday,True,pre_lights
2025-12-18,left,35.634326,19.998943,116.979938,288,288,1.000000,51313.429696,49922.000000,0,Thursday,True,pre_lights
2025-12-18,right,49.955483,35.998606,231.958854,288,288,1.000000,71935.895992,72660.000000,0,Thursday,True,pre_lights
2025-12-19,left,33.870603,18.999135,147.989912,288,288,1.000000,48773.668839,49638.000000,0,Friday,True,pre_lights
2025-12-19,right,56.318788,40.495790,219.961657,288,288,1.000000,81099.054476,81179.000000,0,Friday,True,pre_lights
2025-12-20,left,31.309363,13.998743,111.996441,288,288,1.000000,45085.482627,44717.000000,0,Saturday,True,pre_lights
2025-12-20,right,48.981293,43.995288,171.984280,288,288,1.000000,70533.061465,70283.000000,0,Saturday,True,pre_lights
2025-12-21,left,27.635998,11.999744,104.987347,288,288,1.000000,39795.836657,39313.000000,0,Sunday,True,pre_lights
2025-12-21,right,47.856431,35.498212,151.974865,288,288,1.000000,68913.260665,67480.000000,0,Sunday,True,pre_lights
2025-12-22,left,27.138679,12.999521,101.982836,288,288,1.000000,39079.698058,38752.000000,0,Monday,True,pre_lights
2025-12-22,right,48.025133,40.982045,148.975064,288,288,1.000000,69156.192124,70183.000000,0,Monday,True,pre_lights
2025-12-23,left,35.727257,17.998284,138.973055,287,288,0.996528,51268.614274,51859.000000,0,Tuesday,True,pre_lights
2025-12-23,right,61.661575,57.989712,165.981924,287,288,0.996528,88484.359814,88800.000000,0,Tuesday,True,pre_lights
2025-12-24,left,28.410824,15.999023,103.994911,288,288,1.000000,40911.586990,40648.000000,0,Wednesday,True,pre_lights
2025-12-24,right,53.568158,50.992703,136.986619,288,288,1.000000,77138.147495,74902.000000,0,Wednesday,True,pre_lights
2025-12-25,left,18.671993,10.998713,78.997493,288,288,1.000000,26887.669482,25539.000000,0,Thursday,True,pre_lights
2025-12-25,right,42.392130,36.998059,146.995334,288,288,1.000000,61044.667566,59901.000000,0,Thursday,True,pre_lights
2025-12-26,left,26.015113,14.998396,97.992324,288,288,1.000000,37461.763143,38197.000000,0,Friday,True,pre_lights
2025-12-26,right,51.183204,46.997998,163.987146,288,288,1.000000,73703.813137,74486.000000,0,Friday,True,pre_lights
2025-12-27,left,27.453954,13.999590,87.996212,287,288,0.996528,39396.424074,38296.000000,0,Saturday,True,pre_lights
2025-12-27,right,54.155469,49.995558,142.980293,287,288,0.996528,77713.098065,76994.000000,0,Saturday,True,pre_lights
2025-12-28,left,21.293313,12.499318,71.992960,288,288,1.000000,30662.370290,30792.000000,0,Sunday,True,pre_lights
2025-12-28,right,47.166259,40.996842,123.989419,288,288,1.000000,67919.413392,67247.000000,0,Sunday,True,pre_lights
2025-12-29,left,30.944793,19.998464,121.998668,286,288,0.993056,44251.054645,43648.000000,0,Monday,True,pre_lights
2025-12-29,right,72.147263,59.494214,305.992247,286,288,0.993056,103170.586584,100565.000000,0,Monday,True,pre_lights
2025-12-30,left,34.177408,22.499498,128.977907,288,288,1.000000,49215.466880,49828.000000,0,Tuesday,True,pre_lights
2025-12-30,right,62.907309,60.494946,154.990475,288,288,1.000000,90586.525002,91336.000000,0,Tuesday,True,pre_lights
2025-12-31,left,25.132530,13.999128,108.981241,288,288,1.000000,36190.843715,36002.000000,0,Wednesday,True,pre_lights
2025-12-31,right,54.247559,52.995497,147.973372,288,288,1.000000,78116.485377,75888.000000,0,Wednesday,True,pre_lights
2026-01-01,left,15.321814,8.999833,93.994446,288,288,1.000000,22063.412623,22353.000000,0,Thursday,True,pre_lights
2026-01-01,right,35.702354,24.997824,132.994000,288,288,1.000000,51411.389965,53913.000000,0,Thursday,True,pre_lights
2026-01-02,left,33.347357,16.999700,101.995305,288,288,1.000000,48020.193608,48823.000000,0,Friday,True,pre_lights
2026-01-02,right,59.292879,48.992883,205.974555,288,288,1.000000,85381.746381,84874.000000,0,Friday,True,pre_lights
2026-01-03,left,26.099110,12.999382,101.995502,288,288,1.000000,37582.717693,37863.000000,0,Saturday,True,pre_lights
2026-01-03,right,57.270708,39.996574,244.997836,288,288,1.000000,82469.819792,78671.000000,0,Saturday,True,pre_lights
2026-01-04,left,23.496606,11.999138,93.998203,287,288,0.996528,33717.628965,33882.000000,0,Sunday,True,pre_lights
2026-01-04,right,46.602999,35.999468,164.994888,287,288,0.996528,66875.303436,68051.000000,0,Sunday,True,pre_lights
2026-01-05,left,24.802819,17.998025,102.990094,288,288,1.000000,35716.058833,35255.000000,0,Monday,True,pre_lights
2026-01-05,right,52.865633,43.994605,182.976613,288,288,1.000000,76126.511815,76632.000000,0,Monday,True,pre_lights
2026-01-06,left,37.835745,23.997051,122.979114,288,288,1.000000,54483.472375,54264.000000,0,Tuesday,True,pre_lights
2026-01-06,right,56.767602,55.490421,209.964449,288,288,1.000000,81745.346737,80937.000000,0,Tuesday,True,pre_lights
2026-01-07,left,37.659297,22.996737,122.980008,288,288,1.000000,54229.387434,53794.000000,0,Wednesday,True,pre_lights
2026-01-07,right,57.348168,55.993111,185.998722,288,288,1.000000,82581.362608,83870.000000,0,Wednesday,True,pre_lights
2026-01-08,left,37.381241,23.497916,117.987071,288,288,1.000000,53828.986985,54709.000000,0,Thursday,True,pre_lights
2026-01-08,right,61.222505,61.996336,271.993182,288,288,1.000000,88160.406592,86494.000000,0,Thursday,True,pre_lights
2026-01-09,left,35.353700,21.996810,117.985462,288,288,1.000000,50909.328357,50563.000000,0,Friday,True,pre_lights
2026-01-09,right,66.523825,61.490713,259.975606,288,288,1.000000,95794.308094,93058.000000,0,Friday,True,pre_lights
2026-01-10,left,30.274867,16.998571,104.980934,288,288,1.000000,43595.807919,43385.000000,0,Saturday,True,pre_lights
2026-01-10,right,67.014660,49.496586,217.977512,288,288,1.000000,96501.110068,95318.000000,0,Saturday,True,pre_lights
2026-01-11,left,27.429836,13.998569,86.992888,287,288,0.996528,39361.814290,39885.000000,0,Sunday,True,pre_lights
2026-01-11,right,66.611674,46.992564,249.958125,287,288,0.996528,95587.752639,96077.000000,0,Sunday,True,pre_lights
2026-01-12,left,27.910002,15.998814,103.982224,288,288,1.000000,40190.402441,39880.000000,0,Monday,True,pre_lights
2026-01-12,right,56.583839,51.995910,194.967555,288,288,1.000000,81480.728076,84652.000000,0,Monday,True,pre_lights
2026-01-13,left,34.664184,21.996054,116.979133,287,288,0.996528,49743.103641,49601.000000,0,Tuesday,True,pre_lights
2026-01-13,right,66.221584,61.998189,234.962175,287,288,0.996528,95027.972665,93640.000000,0,Tuesday,True,pre_lights
2026-01-14,left,33.440759,21.997084,124.978266,288,288,1.000000,48154.693031,48452.000000,0,Wednesday,True,pre_lights
2026-01-14,right,63.954430,56.496851,251.955560,288,288,1.000000,92094.378649,93599.000000,0,Wednesday,True,pre_lights
2026-01-15,left,34.207701,20.995938,113.979947,288,288,1.000000,49259.089056,48676.000000,0,Thursday,True,pre_lights
2026-01-15,right,68.634297,53.493692,226.960266,288,288,1.000000,98833.387234,98193.000000,0,Thursday,True,pre_lights
2026-01-16,left,36.145266,20.997602,124.978933,288,288,1.000000,52049.182568,51098.000000,0,Friday,True,pre_lights
2026-01-16,right,68.166273,62.989364,216.990695,288,288,1.000000,98159.433055,96908.000000,0,Friday,True,pre_lights
2026-01-17,left,27.937719,13.999258,92.998822,287,288,0.996528,40090.626483,40136.000000,0,Saturday,True,pre_lights
2026-01-17,right,70.609043,46.995961,235.957430,287,288,0.996528,101323.976216,99983.000000,0,Saturday,True,pre_lights
2026-01-18,left,28.347888,12.999237,98.984133,288,288,1.000000,40820.959307,40150.000000,0,Sunday,True,pre_lights
2026-01-18,right,68.937834,40.996971,277.995468,288,288,1.000000,99270.480810,99382.000000,0,Sunday,True,pre_lights
2026-01-19,left,22.216640,15.997333,71.993332,288,288,1.000000,31991.962223,32667.000000,0,Monday,True,pre_lights
2026-01-19,right,66.979465,54.496993,243.981380,288,288,1.000000,96450.429578,95915.000000,0,Monday,True,pre_lights
2026-01-20,left,28.447926,17.997277,96.985627,288,288,1.000000,40965.012868,41550.000000,0,Tuesday,True,pre_lights
2026-01-20,right,60.760026,43.993970,205.995416,288,288,1.000000,87494.437630,87078.000000,0,Tuesday,True,pre_lights
2026-01-21,left,29.608253,19.997878,79.999225,288,288,1.000000,42635.883650,42572.000000,0,Wednesday,True,pre_lights
2026-01-21,right,60.285355,46.992574,214.985156,288,288,1.000000,86810.911099,88250.000000,0,Wednesday,True,pre_lights
2026-01-22,left,26.671015,21.998160,98.993675,288,288,1.000000,38406.261566,37255.000000,0,Thursday,True,pre_lights
2026-01-22,right,64.368764,60.494838,225.991451,288,288,1.000000,92691.019539,92624.000000,0,Thursday,True,pre_lights
2026-01-23,left,27.684381,18.492574,102.997318,288,288,1.000000,39865.508074,39887.000000,0,Friday,True,pre_lights
2026-01-23,right,50.852489,44.994231,179.978700,288,288,1.000000,73227.584152,73386.000000,0,Friday,True,pre_lights
2026-01-24,left,22.432381,13.999844,93.000844,288,288,1.000000,32302.628377,31955.000000,0,Saturday,True,pre_lights
2026-01-24,right,75.570969,49.992102,266.993427,288,288,1.000000,108822.194944,110073.000000,0,Saturday,True,pre_lights
2026-01-25,left,24.952679,11.998057,84.997643,288,288,1.000000,35931.857848,35886.000000,0,Sunday,True,pre_lights
2026-01-25,right,42.274127,36.495692,192.998235,288,288,1.000000,60874.743386,61042.000000,0,Sunday,True,pre_lights
2026-01-26,left,25.989948,17.998424,110.997841,288,288,1.000000,37425.525768,36640.000000,0,Monday,True,pre_lights
2026-01-26,right,60.239458,59.521867,219.963319,288,288,1.000000,86744.819021,86333.000000,0,Monday,True,pre_lights
2026-01-27,left,26.830101,17.998141,120.997326,288,288,1.000000,38635.345054,40452.000000,0,Tuesday,True,pre_lights
2026-01-27,right,62.901571,54.995141,228.789426,288,288,1.000000,90578.262077,89527.000000,0,Tuesday,True,pre_lights
2026-01-28,left,26.580169,18.998263,90.984631,288,288,1.000000,38275.443905,39034.000000,0,Wednesday,True,pre_lights
2026-01-28,right,61.984949,56.497490,220.983813,288,288,1.000000,89258.326783,89498.000000,0,Wednesday,True,pre_lights
2026-01-29,left,28.451920,20.996311,119.998391,288,288,1.000000,40970.765445,41478.000000,0,Thursday,True,pre_lights
2026-01-29,right,54.092005,45.994817,231.961124,288,288,1.000000,77892.487339,76418.000000,0,Thursday,True,pre_lights
2026-01-30,left,28.535203,21.997726,81.986614,284,288,0.986111,40519.988767,40316.000000,0,Friday,True,pre_lights
2026-01-30,right,56.105456,53.490848,162.981409,284,288,0.986111,79669.747007,78064.000000,0,Friday,True,pre_lights
2026-01-31,left,25.600478,15.999599,75.987794,287,288,0.996528,36736.686258,36896.000000,0,Saturday,True,pre_lights
2026-01-31,right,56.559125,53.995386,131.999202,287,288,0.996528,81162.343806,81231.000000,0,Saturday,True,pre_lights
2026-02-01,left,21.565846,14.998702,61.998660,287,288,0.996528,30946.989030,31786.000000,0,Sunday,True,pre_lights
2026-02-01,right,52.360702,52.991293,125.979689,287,288,0.996528,75137.607462,75929.000000,0,Sunday,True,pre_lights
2026-02-02,left,23.587736,19.997357,78.986241,288,288,1.000000,33966.340093,34051.000000,0,Monday,True,pre_lights
2026-02-02,right,58.691314,61.491335,164.971996,288,288,1.000000,84515.491681,85087.000000,0,Monday,True,pre_lights
2026-02-03,left,21.299660,16.997998,77.987388,288,288,1.000000,30671.510129,30308.000000,0,Tuesday,True,pre_lights
2026-02-03,right,61.791433,61.493951,172.990160,288,288,1.000000,88979.663769,90154.000000,0,Tuesday,True,pre_lights
2026-02-04,left,20.949182,19.997970,63.997042,287,288,0.996528,30062.076559,30850.000000,0,Wednesday,True,pre_lights
2026-02-04,right,63.303724,67.993419,157.980500,287,288,0.996528,90840.843246,90983.000000,0,Wednesday,True,pre_lights
2026-02-05,left,22.046893,19.997978,64.995331,288,288,1.000000,31747.525987,31659.000000,0,Thursday,True,pre_lights
2026-02-05,right,67.681976,71.980952,172.991922,288,288,1.000000,97462.046109,96686.000000,0,Thursday,True,pre_lights
2026-02-06,left,24.025819,21.000085,64.992587,287,288,0.996528,34477.050735,33328.000000,0,Friday,True,pre_lights
2026-02-06,right,68.816208,67.999046,164.992991,287,288,0.996528,98751.258618,98830.000000,0,Friday,True,pre_lights
2026-02-07,left,23.624464,16.999583,84.993581,287,288,0.996528,33901.105226,33671.000000,0,Saturday,True,pre_lights
2026-02-07,right,57.269018,52.996347,133.981221,287,288,0.996528,82181.040722,82229.000000,0,Saturday,True,pre_lights
2026-02-08,left,19.643749,15.497733,67.987933,288,288,1.000000,28286.998763,28068.000000,0,Sunday,True,pre_lights
2026-02-08,right,48.862697,48.493818,125.002194,288,288,1.000000,70362.283180,71195.000000,0,Sunday,True,pre_lights
2026-02-09,left,33.239256,17.996948,123.978289,288,288,1.000000,47864.529045,47519.000000,0,Monday,True,pre_lights
2026-02-09,right,63.100966,61.499414,186.967923,288,288,1.000000,90865.391030,89371.000000,0,Monday,True,pre_lights
2026-02-10,left,34.253068,23.998169,415.925696,288,288,1.000000,49324.417658,48635.000000,0,Tuesday,True,pre_lights
2026-02-10,right,58.549080,53.992794,199.967482,288,288,1.000000,84310.675917,86066.000000,0,Tuesday,True,pre_lights
2026-02-11,left,26.941475,20.497875,185.994949,288,288,1.000000,38795.724059,41028.000000,0,Wednesday,True,pre_lights
2026-02-11,right,60.399604,52.999140,163.976658,288,288,1.000000,86975.430087,87913.000000,0,Wednesday,True,pre_lights
2026-02-12,left,28.820160,22.496967,208.011357,288,288,1.000000,41501.029973,43459.000000,0,Thursday,True,pre_lights
2026-02-12,right,61.792007,61.994101,181.978775,288,288,1.000000,88980.490523,90594.000000,0,Thursday,True,pre_lights
2026-02-13,left,25.625701,18.997891,81.986099,288,288,1.000000,36901.009138,38012.000000,0,Friday,True,pre_lights
2026-02-13,right,57.559668,58.994049,143.973633,288,288,1.000000,82885.922438,84372.000000,0,Friday,True,pre_lights
2026-02-14,left,28.747419,15.999679,90.997220,288,288,1.000000,41396.282815,42254.000000,0,Saturday,True,pre_lights
2026-02-14,right,54.290303,54.993223,145.992281,288,288,1.000000,78178.036557,77842.000000,0,Saturday,True,pre_lights
2026-02-15,left,21.706471,11.998607,84.996993,288,288,1.000000,31257.317677,31422.000000,0,Sunday,True,pre_lights
2026-02-15,right,45.919921,40.996662,173.992817,288,288,1.000000,66124.686726,65304.000000,0,Sunday,True,pre_lights
2026-02-16,left,19.765903,6.999880,82.985804,288,288,1.000000,28462.900247,28400.000000,0,Monday,True,pre_lights
2026-02-16,right,37.427666,25.997034,155.984698,288,288,1.000000,53895.839677,54053.000000,0,Monday,True,pre_lights
2026-02-17,left,0.000000,0.000000,0.000000,288,288,1.000000,0.000000,0.000000,0,Tuesday,True,pre_lights
2026-02-17,right,0.000000,0.000000,0.000000,288,288,1.000000,0.000000,0.000000,0,Tuesday,True,pre_lights
2026-02-18,left,0.000000,0.000000,0.000000,287,288,0.996528,0.000000,0.000000,0,Wednesday,True,pre_lights
2026-02-18,right,0.000000,0.000000,0.000000,287,288,0.996528,0.000000,0.000000,0,Wednesday,True,pre_lights
2026-02-19,left,1.024220,0.000000,23.000119,288,288,1.000000,1474.876948,1305.000000,0,Thursday,True,commissioning
2026-02-19,right,1.093665,0.000000,21.998126,288,288,1.000000,1574.877948,1612.000000,0,Thursday,True,commissioning
2026-02-20,left,30.902140,18.996683,122.988876,287,288,0.996528,44344.570814,43367.000000,0,Friday,True,commissioning
2026-02-20,right,51.885653,45.982423,142.983143,287,288,0.996528,74455.911408,73406.000000,0,Friday,True,commissioning
2026-02-21,left,24.296007,15.498472,97.983503,288,288,1.000000,34986.250775,34191.000000,0,Saturday,True,commissioning
2026-02-21,right,51.776028,33.494938,144.975591,288,288,1.000000,74557.479972,74686.000000,0,Saturday,True,commissioning
2026-02-22,left,13.254607,8.999849,55.990723,285,288,0.989583,18887.815137,19201.000000,0,Sunday,True,commissioning
2026-02-22,right,47.029986,17.996884,288.989899,285,288,0.989583,67017.729925,70395.000000,0,Sunday,True,commissioning
2026-02-23,left,16.730552,7.999694,83.985251,288,288,1.000000,24091.995346,24878.000000,0,Monday,True,commissioning
2026-02-23,right,49.226283,17.996897,275.957158,288,288,1.000000,70885.846820,71677.000000,0,Monday,True,commissioning
2026-02-24,left,20.914105,7.998612,108.990776,288,288,1.000000,30116.310501,29728.000000,0,Tuesday,True,commissioning
2026-02-24,right,40.470746,15.998169,214.000225,288,288,1.000000,58277.874848,58012.000000,0,Tuesday,True,commissioning
2026-02-25,left,16.970207,9.000221,84.983982,288,288,1.000000,24437.098479,23274.000000,0,Wednesday,True,commissioning
2026-02-25,right,31.020815,14.997835,149.972650,288,288,1.000000,44669.973878,43316.000000,0,Wednesday,True,commissioning
2026-02-26,left,11.891093,4.999776,73.998716,288,288,1.000000,17123.173302,17843.000000,0,Thursday,True,commissioning
2026-02-26,right,29.791637,3.999934,248.987297,288,288,1.000000,42899.956719,44192.000000,0,Thursday,True,commissioning
2026-02-27,left,18.547408,9.999565,92.998976,286,288,0.993056,26522.793490,28285.000000,0,Friday,True,commissioning
2026-02-27,right,35.895897,14.999285,240.993095,286,288,0.993056,51331.133156,53455.000000,0,Friday,True,commissioning
2026-02-28,left,14.314616,7.999769,61.998283,288,288,1.000000,20613.047725,20254.000000,0,Saturday,True,commissioning
2026-02-28,right,37.239687,10.998724,276.953131,288,288,1.000000,53625.149581,53584.000000,0,Saturday,True,commissioning
2026-03-01,left,10.394822,5.999849,82.986284,288,288,1.000000,14968.543167,14898.000000,0,Sunday,True,commissioning
2026-03-01,right,31.788516,11.999574,201.989012,288,288,1.000000,45775.463154,45417.000000,0,Sunday,True,commissioning
2026-03-02,left,19.539674,12.999831,88.993123,288,288,1.000000,28137.131040,28375.000000,0,Monday,True,commissioning
2026-03-02,right,41.211273,24.995740,218.961050,288,288,1.000000,59344.233437,59455.000000,0,Monday,True,commissioning
2026-03-03,left,24.938227,19.997724,74.998374,288,288,1.000000,35911.046983,35644.000000,0,Tuesday,True,commissioning
2026-03-03,right,57.646595,56.998075,190.995556,288,288,1.000000,83011.096161,81033.000000,0,Tuesday,True,commissioning
2026-03-04,left,25.321285,19.999409,89.984751,287,288,0.996528,36336.044594,37664.000000,0,Wednesday,True,commissioning
2026-03-04,right,54.757312,52.998143,200.969697,287,288,0.996528,78576.742613,79491.000000,0,Wednesday,True,commissioning
2026-03-05,left,26.381730,22.498478,99.980129,288,288,1.000000,37989.691076,38351.000000,0,Thursday,True,commissioning
2026-03-05,right,58.620385,52.494809,172.973753,288,288,1.000000,84413.354821,85073.000000,0,Thursday,True,commissioning
2026-03-06,left,25.885851,20.998078,93.017135,288,288,1.000000,37275.624871,36747.000000,0,Friday,True,commissioning
2026-03-06,right,67.190376,61.997287,181.975746,288,288,1.000000,96754.141098,97149.000000,0,Friday,True,commissioning
2026-03-07,left,24.354911,18.498278,72.988159,288,288,1.000000,35071.071818,35315.000000,0,Saturday,True,commissioning
2026-03-07,right,61.613889,57.491379,162.992101,288,288,1.000000,88723.999440,89131.000000,0,Saturday,True,commissioning
2026-03-08,left,25.461054,22.997811,236.969537,276,276,1.000000,35136.255129,34405.000000,0,Sunday,True,commissioning
2026-03-08,right,61.072884,57.494379,155.965444,276,276,1.000000,84280.579248,84899.000000,0,Sunday,True,commissioning
2026-03-09,left,21.931553,20.497529,129.979149,288,288,1.000000,31581.436769,33390.000000,0,Monday,True,commissioning
2026-03-09,right,61.971837,63.988409,172.969096,288,288,1.000000,89239.445875,90525.000000,0,Monday,True,commissioning
2026-03-10,left,26.379928,22.000003,348.916702,287,288,0.996528,37855.196680,37967.000000,0,Tuesday,True,commissioning
2026-03-10,right,66.960402,71.987555,235.943673,287,288,0.996528,96088.176909,95293.000000,0,Tuesday,True,commissioning
2026-03-11,left,26.170223,21.999207,180.969165,288,288,1.000000,37685.120663,42112.000000,0,Wednesday,True,commissioning
2026-03-11,right,69.900638,74.469767,177.925941,288,288,1.000000,100656.918859,101420.000000,0,Wednesday,True,commissioning
2026-03-12,left,30.686995,24.999917,351.938387,288,288,1.000000,44189.273143,48889.000000,0,Thursday,True,commissioning
2026-03-12,right,68.471009,68.983214,234.969481,288,288,1.000000,98598.252741,102006.000000,0,Thursday,True,commissioning
2026-03-13,left,36.119426,31.498328,370.978836,288,288,1.000000,52011.973455,50047.000000,0,Friday,True,commissioning
2026-03-13,right,69.556718,70.998655,360.979406,288,288,1.000000,100161.673305,99274.000000,0,Friday,True,commissioning
2026-03-14,left,30.040663,24.999493,264.957186,288,288,1.000000,43258.555296,41439.000000,0,Saturday,True,commissioning
2026-03-14,right,59.522177,58.995033,226.979212,288,288,1.000000,85711.934886,85081.000000,0,Saturday,True,commissioning
2026-03-15,left,38.199895,31.994718,395.931999,288,288,1.000000,55007.848084,46954.000000,0,Sunday,True,commissioning
2026-03-15,right,60.943211,63.491068,297.951184,288,288,1.000000,87758.224150,83381.000000,0,Sunday,True,commissioning
2026-03-16,left,34.863511,29.994860,260.957298,287,288,0.996528,50029.137792,47056.000000,0,Monday,True,commissioning
2026-03-16,right,64.971638,64.989430,178.996277,287,288,0.996528,93234.300916,92338.000000,0,Monday,True,commissioning
2026-03-17,left,26.087023,22.997923,202.984427,288,288,1.000000,37565.313010,43303.000000,0,Tuesday,True,commissioning
2026-03-17,right,65.304435,66.489398,172.972582,288,288,1.000000,94038.386292,98307.000000,0,Tuesday,True,commissioning
2026-03-18,left,26.885744,21.999897,194.966843,288,288,1.000000,38715.471619,38517.000000,0,Wednesday,True,commissioning
2026-03-18,right,66.012972,68.497507,172.986334,288,288,1.000000,95058.680148,96340.000000,0,Wednesday,True,commissioning
2026-03-19,left,34.765890,29.996216,307.946197,288,288,1.000000,50062.882250,48962.000000,0,Thursday,True,commissioning
2026-03-19,right,72.309729,73.492891,257.974572,288,288,1.000000,104126.009609,104065.000000,0,Thursday,True,commissioning
2026-03-20,left,37.704624,26.996140,240.983622,288,288,1.000000,54294.658475,54918.000000,0,Friday,True,illuminated
2026-03-20,right,79.133363,81.489875,228.960966,288,288,1.000000,113952.042836,112949.000000,0,Friday,True,illuminated
2026-03-21,left,47.044755,31.998158,373.952782,287,288,0.996528,67509.223103,66418.000000,0,Saturday,True,illuminated
2026-03-21,right,84.504425,86.997000,323.959095,287,288,0.996528,121263.850308,120128.000000,0,Saturday,True,illuminated
2026-03-22,left,33.389167,27.997108,232.807566,287,288,0.996528,47913.453983,48957.000000,0,Sunday,True,illuminated
2026-03-22,right,63.476330,65.996619,166.862075,287,288,0.996528,91088.533615,94838.000000,0,Sunday,True,illuminated
2026-03-23,left,30.420452,22.998793,256.979870,288,288,1.000000,43805.451451,42935.000000,0,Monday,True,illuminated
2026-03-23,right,67.371063,69.494076,219.998690,288,288,1.000000,97014.331161,95465.000000,0,Monday,True,illuminated
2026-03-24,left,32.575969,24.993266,267.954175,288,288,1.000000,46909.395025,48289.000000,0,Tuesday,True,illuminated
2026-03-24,right,68.512852,69.987719,262.955030,288,288,1.000000,98658.506430,100583.000000,0,Tuesday,True,illuminated
2026-03-25,left,33.500104,23.998717,282.951116,288,288,1.000000,48240.149198,48349.000000,0,Wednesday,True,illuminated
2026-03-25,right,70.971299,70.490252,234.000998,288,288,1.000000,102198.671200,100881.000000,0,Wednesday,True,illuminated
2026-03-26,left,40.762250,26.997996,287.974251,287,288,0.996528,58493.828245,53983.000000,0,Thursday,True,illuminated
2026-03-26,right,73.539240,67.994739,264.988262,287,288,0.996528,105528.809489,101682.000000,0,Thursday,True,illuminated
2026-03-27,left,39.893254,31.497929,262.985414,272,288,0.944444,54254.825291,49392.000000,0,Friday,False,illuminated
2026-03-27,right,78.580182,79.987212,255.985802,272,288,0.944444,106869.047954,103116.000000,0,Friday,False,illuminated
2026-03-28,left,42.904832,34.998527,304.986657,166,288,0.576389,35611.010245,55113.000000,0,Saturday,False,illuminated
2026-03-28,right,79.593576,82.490123,242.989369,166,288,0.576389,66062.667865,101255.000000,0,Saturday,False,illuminated
2026-03-29,left,37.085964,27.995261,211.996675,288,288,1.000000,53403.788436,49063.000000,0,Sunday,True,illuminated
2026-03-29,right,62.360862,62.988786,210.965929,288,288,1.000000,89799.640792,86856.000000,0,Sunday,True,illuminated
2026-03-30,left,40.810347,30.995079,298.948885,287,288,0.996528,58562.848278,54782.000000,0,Monday,True,illuminated
2026-03-30,right,64.086407,55.991994,219.980823,287,288,0.996528,91963.993693,90389.000000,0,Monday,True,illuminated
2026-03-31,left,34.604054,24.999575,310.929295,288,288,1.000000,49829.837426,51062.000000,0,Tuesday,True,illuminated
2026-03-31,right,61.362136,57.998818,302.944984,288,288,1.000000,88361.476155,86920.000000,0,Tuesday,True,illuminated
2026-04-01,left,39.156263,27.995925,254.981668,288,288,1.000000,56385.019077,53398.000000,0,Wednesday,True,illuminated
2026-04-01,right,62.987816,63.490946,236.982962,288,288,1.000000,90702.455112,86672.000000,0,Wednesday,True,illuminated
2026-04-02,left,29.592957,20.996561,279.966413,282,288,0.979167,41726.069281,45773.000000,0,Thursday,True,illuminated
2026-04-02,right,66.248891,60.990317,217.982873,282,288,0.979167,93410.936435,95365.000000,0,Thursday,True,illuminated
2026-04-03,left,41.449435,27.994996,400.946908,288,288,1.000000,59687.186146,60007.000000,0,Friday,True,illuminated
2026-04-03,right,73.549681,72.987580,258.965708,288,288,1.000000,105911.540789,108408.000000,0,Friday,True,illuminated
2026-04-04,left,37.808323,32.496254,241.959347,288,288,1.000000,54443.984887,55901.000000,0,Saturday,True,illuminated
2026-04-04,right,68.187042,72.467262,270.990118,288,288,1.000000,98189.341111,100678.000000,0,Saturday,True,illuminated
2026-04-05,left,33.628504,26.992690,271.969495,288,288,1.000000,48425.045798,49288.000000,0,Sunday,True,illuminated
2026-04-05,right,62.781766,62.994074,259.979059,288,288,1.000000,90405.743737,92458.000000,0,Sunday,True,illuminated
2026-04-06,left,38.433446,33.994214,241.958214,288,288,1.000000,55344.161837,54822.000000,0,Monday,True,illuminated
2026-04-06,right,72.429482,71.492615,238.958732,288,288,1.000000,104298.454463,102153.000000,0,Monday,True,illuminated
2026-04-07,left,41.706920,28.999713,261.950679,288,288,1.000000,60057.964836,53669.000000,0,Tuesday,True,illuminated
2026-04-07,right,75.095480,69.991059,250.955163,288,288,1.000000,108137.490930,103517.000000,0,Tuesday,True,illuminated
2026-04-08,left,39.119757,30.497215,241.960754,288,288,1.000000,56332.449544,55130.000000,0,Wednesday,True,illuminated
2026-04-08,right,70.592079,70.493525,205.981544,288,288,1.000000,101652.593594,102059.000000,0,Wednesday,True,illuminated
2026-04-09,left,38.762962,38.994711,203.974832,288,288,1.000000,55818.664776,56850.000000,0,Thursday,True,illuminated
2026-04-09,right,65.704415,69.490154,211.973845,288,288,1.000000,94614.357797,96428.000000,0,Thursday,True,illuminated
2026-04-10,left,38.367164,32.995755,172.014914,288,288,1.000000,55248.716533,55093.000000,0,Friday,True,illuminated
2026-04-10,right,60.608126,62.489332,193.982723,288,288,1.000000,87275.701827,86302.000000,0,Friday,True,illuminated
2026-04-11,left,32.749811,25.996951,203.998443,288,288,1.000000,47159.727296,46169.000000,0,Saturday,True,illuminated
2026-04-11,right,56.542459,51.995598,217.998336,288,288,1.000000,81421.140625,80492.000000,0,Saturday,True,illuminated
2026-04-12,left,31.341761,22.998768,125.992515,288,288,1.000000,45132.136275,46135.000000,0,Sunday,True,illuminated
2026-04-12,right,48.298953,49.998405,170.969896,288,288,1.000000,69550.492606,71446.000000,0,Sunday,True,illuminated
2026-04-13,left,34.090101,31.996199,167.973603,288,288,1.000000,49089.745035,48702.000000,0,Monday,True,illuminated
2026-04-13,right,65.569770,67.988479,184.969726,288,288,1.000000,94420.468085,95511.000000,0,Monday,True,illuminated
2026-04-14,left,42.547543,47.997526,155.977353,288,288,1.000000,61268.461949,59249.000000,0,Tuesday,True,illuminated
2026-04-14,right,66.867557,69.493820,168.993536,288,288,1.000000,96289.282528,95909.000000,0,Tuesday,True,illuminated
2026-04-15,left,40.112929,34.999045,171.992676,288,288,1.000000,57762.618173,56758.000000,0,Wednesday,True,illuminated
2026-04-15,right,68.668601,69.493764,179.969309,288,288,1.000000,98882.784990,98154.000000,0,Wednesday,True,illuminated
2026-04-16,left,41.060928,37.997741,196.966644,288,288,1.000000,59127.737039,56322.000000,0,Thursday,True,illuminated
2026-04-16,right,74.348241,81.988174,259.955977,288,288,1.000000,107061.466439,105201.000000,0,Thursday,True,illuminated
2026-04-17,left,32.492910,32.997183,117.997960,288,288,1.000000,46789.789888,46796.000000,0,Friday,True,illuminated
2026-04-17,right,65.482596,70.488489,179.969417,288,288,1.000000,94294.937985,95919.000000,0,Friday,True,illuminated
2026-04-18,left,20.342072,15.999722,153.974804,288,288,1.000000,29292.583860,28933.000000,0,Saturday,True,illuminated
2026-04-18,right,47.808620,50.498392,149.991041,288,288,1.000000,68844.412772,68158.000000,0,Saturday,True,illuminated
2026-04-19,left,18.442680,14.997635,282.991426,288,288,1.000000,26557.458719,25949.000000,0,Sunday,True,illuminated
2026-04-19,right,44.096560,42.996253,149.975689,288,288,1.000000,63499.046099,62727.000000,0,Sunday,True,illuminated
2026-04-20,left,35.207548,35.996109,169.970434,288,288,1.000000,50698.869048,49383.000000,0,Monday,True,illuminated
2026-04-20,right,54.659631,52.990699,164.998347,288,288,1.000000,78709.868131,77788.000000,0,Monday,True,illuminated
2026-04-21,left,38.547871,28.997148,184.983450,288,288,1.000000,55508.934656,53187.000000,0,Tuesday,True,illuminated
2026-04-21,right,65.866897,67.993673,174.984345,288,288,1.000000,94848.331666,92443.000000,0,Tuesday,True,illuminated
2026-04-22,left,31.417842,27.998322,302.977065,287,288,0.996528,45084.602736,47895.000000,0,Wednesday,True,illuminated
2026-04-22,right,60.131964,62.989820,194.985240,287,288,0.996528,86289.368032,86766.000000,0,Wednesday,True,illuminated
2026-04-23,left,34.016475,30.996472,157.986379,288,288,1.000000,48983.723332,47280.000000,0,Thursday,True,illuminated
2026-04-23,right,73.083944,79.986370,186.983879,288,288,1.000000,105240.880014,103793.000000,0,Thursday,True,illuminated
2026-04-24,left,26.564384,20.999760,162.972189,263,288,0.913194,34932.165425,33113.000000,0,Friday,False,illuminated
2026-04-24,right,60.591706,53.997938,176.989894,263,288,0.913194,79678.092970,77855.000000,0,Friday,False,illuminated
2026-04-25,left,28.024815,27.995135,191.993411,288,288,1.000000,40355.733150,40496.000000,0,Saturday,True,illuminated
2026-04-25,right,61.618586,62.994208,154.983541,288,288,1.000000,88730.763609,89759.000000,0,Saturday,True,illuminated
2026-04-26,left,22.216423,18.004186,140.987273,288,288,1.000000,31991.649333,31656.000000,0,Sunday,True,illuminated
2026-04-26,right,56.383012,54.999664,158.972085,288,288,1.000000,81191.536689,80805.000000,0,Sunday,True,illuminated
2026-04-27,left,21.195695,19.996456,121.989000,288,288,1.000000,30521.800839,31312.000000,0,Monday,True,illuminated
2026-04-27,right,61.792118,56.994492,181.966794,288,288,1.000000,88980.649767,90692.000000,0,Monday,True,illuminated
2026-04-28,left,23.115081,18.996744,119.979294,288,288,1.000000,33285.716909,34050.000000,0,Tuesday,True,illuminated
2026-04-28,right,64.721472,64.499319,197.965897,288,288,1.000000,93198.920395,94115.000000,0,Tuesday,True,illuminated
2026-04-29,left,22.633177,18.996392,264.977416,288,288,1.000000,32591.775002,31614.000000,0,Wednesday,True,illuminated
2026-04-29,right,66.920901,64.993687,189.966588,288,288,1.000000,96366.097102,94939.000000,0,Wednesday,True,illuminated
2026-04-30,left,21.424821,17.498294,134.000194,288,288,1.000000,30851.741681,31658.000000,0,Thursday,True,illuminated
2026-04-30,right,63.556070,59.995300,222.987389,288,288,1.000000,91520.740677,92171.000000,0,Thursday,True,illuminated
2026-05-01,left,19.469672,15.000551,122.893643,288,288,1.000000,28036.328272,28162.000000,0,Friday,True,illuminated
2026-05-01,right,52.580141,43.999846,189.969912,288,288,1.000000,75715.403680,74458.000000,0,Friday,True,illuminated
2026-05-02,left,23.396987,16.999393,214.987735,288,288,1.000000,33691.661551,32413.000000,0,Saturday,True,illuminated
2026-05-02,right,50.644038,43.994829,186.989332,288,288,1.000000,72927.414457,73496.000000,0,Saturday,True,illuminated
2026-05-03,left,19.227211,14.997455,133.982778,288,288,1.000000,27687.183318,27749.000000,0,Sunday,True,illuminated
2026-05-03,right,45.064824,38.989851,199.993226,288,288,1.000000,64893.346316,64055.000000,0,Sunday,True,illuminated
2026-05-04,left,27.206162,20.998256,224.993651,287,288,0.996528,39040.842248,39078.000000,0,Monday,True,illuminated
2026-05-04,right,61.480512,62.989436,200.994329,287,288,0.996528,88224.534159,89041.000000,0,Monday,True,illuminated
2026-05-05,left,44.119791,42.993203,311.993152,288,288,1.000000,63532.499534,61712.000000,0,Tuesday,True,illuminated
2026-05-05,right,74.640455,73.994776,301.885158,288,288,1.000000,107482.255645,106285.000000,0,Tuesday,True,illuminated
2026-05-06,left,35.198097,26.996339,451.922489,288,288,1.000000,50685.260063,47027.000000,0,Wednesday,True,illuminated
2026-05-06,right,78.356852,79.997694,345.940666,288,288,1.000000,112833.866744,110640.000000,0,Wednesday,True,illuminated
2026-05-07,left,30.547889,22.997520,439.915383,288,288,1.000000,43988.959852,43069.000000,0,Thursday,True,illuminated
2026-05-07,right,72.063964,77.992048,337.934999,288,288,1.000000,103772.107513,101866.000000,0,Thursday,True,illuminated
2026-05-08,left,28.236358,21.997725,183.993965,288,288,1.000000,40660.355763,38999.000000,0,Friday,True,illuminated
2026-05-08,right,78.355494,84.989603,183.978714,288,288,1.000000,112831.911135,110178.000000,0,Friday,True,illuminated
2026-05-09,left,15.684618,7.999334,382.961947,287,288,0.996528,22507.426643,20712.000000,0,Saturday,True,illuminated
2026-05-09,right,48.708382,22.993410,297.958678,287,288,0.996528,69896.528874,69415.000000,0,Saturday,True,illuminated
2026-05-10,left,0.000000,0.000000,0.000000,288,288,1.000000,0.000000,0.000000,0,Sunday,True,illuminated
2026-05-10,right,0.000000,0.000000,0.000000,288,288,1.000000,0.000000,0.000000,0,Sunday,True,illuminated
2026-05-11,left,18.941891,13.998670,176.946984,288,288,1.000000,27276.322770,28404.000000,0,Monday,True,illuminated
2026-05-11,right,45.180915,38.997850,138.993505,288,288,1.000000,65060.516961,67033.000000,0,Monday,True,illuminated
2026-05-12,left,29.993859,24.995709,205.987469,288,288,1.000000,43191.156529,44799.000000,0,Tuesday,True,illuminated
2026-05-12,right,61.595095,62.989211,158.980318,288,288,1.000000,88696.936544,90058.000000,0,Tuesday,True,illuminated
2026-05-13,left,27.237225,18.999064,312.972489,288,288,1.000000,39221.603569,37811.000000,0,Wednesday,True,illuminated
2026-05-13,right,72.618097,72.493548,280.991552,288,288,1.000000,104570.060012,104388.000000,0,Wednesday,True,illuminated
2026-05-14,left,28.566084,20.498192,287.904660,260,288,0.902778,37135.908785,37190.000000,0,Thursday,False,illuminated
2026-05-14,right,83.929433,83.494750,286.904991,260,288,0.902778,109108.263239,109393.000000,0,Thursday,False,illuminated
2026-05-20,left,27.323300,17.999106,284.999929,206,288,0.715278,28142.998928,232263.000000,0,Wednesday,False,illuminated
2026-05-20,right,87.751041,92.495455,278.999930,206,288,0.715278,90383.572135,643956.000000,0,Wednesday,False,illuminated
2026-05-21,left,27.327137,15.997282,435.973297,288,288,1.000000,39351.077010,36160.000000,0,Thursday,True,illuminated
2026-05-21,right,73.631286,78.489348,309.981014,288,288,1.000000,106029.052020,103291.000000,0,Thursday,True,illuminated
2026-05-22,left,27.756689,17.997016,360.935650,288,288,1.000000,39969.632345,38529.000000,0,Friday,True,illuminated
2026-05-22,right,79.642390,77.990640,276.975372,288,288,1.000000,114685.042128,114115.000000,0,Friday,True,illuminated
2026-05-23,left,21.743558,13.997687,281.997161,288,288,1.000000,31310.723266,32053.000000,0,Saturday,True,illuminated
2026-05-23,right,78.100966,80.497314,248.997493,288,288,1.000000,112465.391556,111572.000000,0,Saturday,True,illuminated
2026-05-24,left,19.077612,11.500532,269.964455,288,288,1.000000,27471.760896,27406.000000,0,Sunday,True,illuminated
2026-05-24,right,72.335381,63.496316,182.975908,288,288,1.000000,104162.948952,103435.000000,0,Sunday,True,illuminated
2026-05-25,left,16.800263,10.294884,282.994603,250,288,0.868056,21000.328309,22440.000000,0,Monday,False,illuminated
2026-05-25,right,45.159424,35.081422,185.996453,250,288,0.868056,56449.279477,57200.000000,0,Monday,False,illuminated
2026-05-26,left,27.357874,15.997860,287.966506,288,288,1.000000,39395.337941,39247.000000,0,Tuesday,True,illuminated
2026-05-26,right,79.025301,81.492384,253.944467,288,288,1.000000,113796.432773,114875.000000,0,Tuesday,True,illuminated
2026-05-27,left,24.757896,16.999251,259.977093,288,288,1.000000,35651.370155,35568.000000,0,Wednesday,True,illuminated
2026-05-27,right,76.467591,75.987681,190.973725,288,288,1.000000,110113.330516,110471.000000,0,Wednesday,True,illuminated
2026-05-28,left,32.443346,23.497409,287.916735,288,288,1.000000,46718.418489,40320.000000,0,Thursday,True,illuminated
2026-05-28,right,74.337902,73.034045,288.950340,288,288,1.000000,107046.579513,105570.000000,0,Thursday,True,illuminated
2026-05-29,left,29.724649,23.999327,296.934188,287,288,0.996528,42654.871026,43960.000000,0,Friday,True,illuminated
2026-05-29,right,74.217945,71.995752,206.954131,287,288,0.996528,106502.750504,106891.000000,0,Friday,True,illuminated
2026-05-30,left,24.174280,15.997227,350.941469,288,288,1.000000,34810.963505,32680.000000,0,Saturday,True,illuminated
2026-05-30,right,78.146637,79.498422,285.952308,288,288,1.000000,112531.157541,110954.000000,0,Saturday,True,illuminated
2026-05-31,left,9.082197,2.999787,158.987416,288,288,1.000000,13078.364071,14082.000000,0,Sunday,True,illuminated
2026-05-31,right,34.548450,16.498311,137.997615,288,288,1.000000,49749.767957,49746.000000,0,Sunday,True,illuminated
2026-06-01,left,23.554625,16.998625,176.990434,287,288,0.996528,33800.886273,32132.000000,0,Monday,True,illuminated
2026-06-01,right,64.475929,58.996056,242.959883,287,288,0.996528,92522.957903,94234.000000,0,Monday,True,illuminated
2026-06-02,left,20.672391,18.497254,64.989582,286,288,0.993056,29561.519487,30015.000000,0,Tuesday,True,illuminated
2026-06-02,right,50.651208,45.997160,200.968340,286,288,0.993056,72431.227886,74498.000000,0,Tuesday,True,illuminated
2026-06-03,left,24.105592,20.498028,150.986328,288,288,1.000000,34712.051972,35552.000000,0,Wednesday,True,illuminated
2026-06-03,right,54.526626,50.497677,225.994742,288,288,1.000000,78518.342036,79977.000000,0,Wednesday,True,illuminated
2026-06-04,left,21.230978,16.999282,113.998463,288,288,1.000000,30572.607836,31474.000000,0,Thursday,True,illuminated
2026-06-04,right,50.898193,48.494036,236.959639,288,288,1.000000,73293.397514,71953.000000,0,Thursday,True,illuminated
2026-06-05,left,23.945327,20.997995,94.997030,288,288,1.000000,34481.270698,34363.000000,0,Friday,True,illuminated
2026-06-05,right,58.608240,55.990465,226.960460,288,288,1.000000,84395.866120,86042.000000,0,Friday,True,illuminated
2026-06-06,left,19.928202,16.998943,203.938965,288,288,1.000000,28696.611244,27395.000000,0,Saturday,True,illuminated
2026-06-06,right,61.250348,46.997199,298.990632,288,288,1.000000,88200.501019,87862.000000,0,Saturday,True,illuminated
2026-06-07,left,17.075065,13.499990,78.999945,288,288,1.000000,24588.093542,25343.000000,0,Sunday,True,illuminated
2026-06-07,right,46.402755,42.497209,232.981198,288,288,1.000000,66819.967276,68170.000000,0,Sunday,True,illuminated
2026-06-08,left,21.070309,17.998238,79.986202,288,288,1.000000,30341.244295,31006.000000,0,Monday,True,illuminated
2026-06-08,right,57.149993,44.492623,301.992445,288,288,1.000000,82295.990376,83008.000000,0,Monday,True,illuminated
2026-06-09,left,26.114947,22.997699,140.976900,288,288,1.000000,37605.523712,36770.000000,0,Tuesday,True,illuminated
2026-06-09,right,62.544285,55.990258,273.983256,288,288,1.000000,90063.769919,90150.000000,0,Tuesday,True,illuminated
2026-06-10,left,26.177570,23.997182,179.979194,288,288,1.000000,37695.700354,38700.000000,0,Wednesday,True,illuminated
2026-06-10,right,69.554752,57.507769,275.952922,288,288,1.000000,100158.843241,100377.000000,0,Wednesday,True,illuminated
2026-06-11,left,24.508428,22.495441,114.995252,288,288,1.000000,35292.135903,35684.000000,0,Thursday,True,illuminated
2026-06-11,right,65.931494,55.997665,247.959731,288,288,1.000000,94941.351304,94634.000000,0,Thursday,True,illuminated
2026-06-12,left,26.107687,22.999738,187.815753,288,288,1.000000,37595.069384,37895.000000,0,Friday,True,illuminated
2026-06-12,right,68.287564,64.990321,240.989834,288,288,1.000000,98334.092661,96275.000000,0,Friday,True,illuminated
2026-06-13,left,19.294175,15.997795,112.978600,287,288,0.996528,27687.141405,27105.000000,0,Saturday,True,illuminated
2026-06-13,right,62.972442,61.988816,254.985641,287,288,0.996528,90365.453968,90908.000000,0,Saturday,True,illuminated
2026-06-14,left,18.259016,14.998017,207.963959,288,288,1.000000,26292.983698,25715.000000,0,Sunday,True,illuminated
2026-06-14,right,55.915275,50.492571,287.978608,288,288,1.000000,80517.996016,81695.000000,0,Sunday,True,illuminated
2026-06-15,left,23.723279,21.996790,167.994342,288,288,1.000000,34161.521572,34446.000000,0,Monday,True,illuminated
2026-06-15,right,59.966522,56.989907,254.990642,288,288,1.000000,86351.792216,86730.000000,0,Monday,True,illuminated
2026-06-16,left,27.674450,24.999595,132.955517,288,288,1.000000,39851.207303,40080.000000,0,Tuesday,True,illuminated
2026-06-16,right,67.462572,62.996459,227.990097,288,288,1.000000,97146.103642,97583.000000,0,Tuesday,True,illuminated
2026-06-17,left,29.097793,26.999757,130.978068,288,288,1.000000,41900.821285,42926.000000,0,Wednesday,True,illuminated
2026-06-17,right,71.669954,68.992582,254.001756,288,288,1.000000,103204.733549,102779.000000,0,Wednesday,True,illuminated
2026-06-18,left,26.993855,23.995989,113.998499,287,288,0.996528,38736.181532,39561.000000,0,Thursday,True,illuminated
2026-06-18,right,67.055989,65.017797,187.970078,287,288,0.996528,96225.344526,96534.000000,0,Thursday,True,illuminated
2026-06-19,left,32.451238,28.996989,211.996657,288,288,1.000000,46729.783109,45234.000000,0,Friday,True,illuminated
2026-06-19,right,72.890702,78.986455,179.995485,288,288,1.000000,104962.611387,104045.000000,0,Friday,True,illuminated
2026-06-20,left,26.088155,21.998125,174.986091,287,288,0.996528,37436.502099,36834.000000,0,Saturday,True,illuminated
2026-06-20,right,73.449270,75.993466,163.978741,287,288,0.996528,105399.702036,105879.000000,0,Saturday,True,illuminated
2026-06-21,left,22.327924,17.998761,259.953905,288,288,1.000000,32152.210732,31430.000000,0,Sunday,True,illuminated
2026-06-21,right,64.226966,61.998187,190.993261,288,288,1.000000,92486.830812,93067.000000,0,Sunday,True,illuminated
2026-06-22,left,26.291486,24.995474,195.995584,288,288,1.000000,37859.740511,40430.000000,0,Monday,True,illuminated
2026-06-22,right,65.327405,66.990097,167.996215,288,288,1.000000,94071.462850,95040.000000,0,Monday,True,illuminated
2026-06-23,left,28.930043,24.995828,272.918780,288,288,1.000000,41659.262329,42708.000000,0,Tuesday,True,illuminated
2026-06-23,right,71.299331,75.496872,218.934845,288,288,1.000000,102671.036357,102372.000000,0,Tuesday,True,illuminated
2026-06-24,left,32.961382,29.493806,285.979986,286,288,0.993056,47134.775890,44592.000000,0,Wednesday,True,illuminated
2026-06-24,right,71.390187,74.991374,233.983625,286,288,0.993056,102087.966816,101725.000000,0,Wednesday,True,illuminated
2026-06-25,left,29.426826,25.999083,171.970272,288,288,1.000000,42374.629385,42446.000000,0,Thursday,True,illuminated
2026-06-25,right,70.070695,76.986822,156.972559,288,288,1.000000,100901.801410,99905.000000,0,Thursday,True,illuminated
2026-06-26,left,27.010387,22.996145,149.975474,288,288,1.000000,38894.956879,38429.000000,0,Friday,True,illuminated
2026-06-26,right,73.997330,74.991919,176.974345,288,288,1.000000,106556.155868,106093.000000,0,Friday,True,illuminated
2026-06-27,left,21.873617,18.996698,129.424629,287,288,0.996528,31388.640310,31598.000000,0,Saturday,True,illuminated
2026-06-27,right,73.603652,70.995301,170.985167,287,288,0.996528,105621.240249,106330.000000,0,Saturday,True,illuminated
2026-06-28,left,19.192580,13.999542,125.991097,288,288,1.000000,27637.314555,28297.000000,0,Sunday,True,illuminated
2026-06-28,right,65.250008,62.993458,173.985641,288,288,1.000000,93960.012165,95281.000000,0,Sunday,True,illuminated
2026-06-29,left,23.647223,19.498234,248.980758,288,288,1.000000,34052.001556,33261.000000,0,Monday,True,illuminated
2026-06-29,right,64.973437,69.990592,174.986476,288,288,1.000000,93561.748765,93764.000000,0,Monday,True,illuminated
2026-06-30,left,22.070075,20.996466,77.986630,288,288,1.000000,31780.907399,32013.000000,0,Tuesday,True,illuminated
2026-06-30,right,49.302466,49.495302,171.916414,288,288,1.000000,70995.551095,71381.000000,0,Tuesday,True,illuminated
2026-07-01,left,15.123658,9.998820,138.976100,287,288,0.996528,21702.449708,20817.000000,0,Wednesday,True,illuminated
2026-07-01,right,55.240381,51.993173,169.970929,287,288,0.996528,79269.947444,79996.000000,0,Wednesday,True,illuminated
2026-07-02,left,15.450178,11.997965,114.995571,288,288,1.000000,22248.256958,21184.000000,0,Thursday,True,illuminated
2026-07-02,right,62.607936,59.989931,231.991896,288,288,1.000000,90155.427138,89321.000000,0,Thursday,True,illuminated
2026-07-03,left,14.845772,10.999511,185.985241,288,288,1.000000,21377.911434,21895.000000,0,Friday,True,illuminated
2026-07-03,right,69.243221,76.991120,259.978946,288,288,1.000000,99710.238908,99566.000000,0,Friday,True,illuminated
2026-07-04,left,9.182878,5.497582,111.980430,288,288,1.000000,13223.344896,13609.000000,0,Saturday,True,illuminated
2026-07-04,right,48.168068,45.997559,164.986674,288,288,1.000000,69362.018573,71564.000000,0,Saturday,True,illuminated
2026-07-05,left,9.273387,4.999645,108.986782,288,288,1.000000,13353.677710,15202.000000,0,Sunday,True,illuminated
2026-07-05,right,48.380725,44.994668,266.997597,288,288,1.000000,69668.243717,71427.000000,0,Sunday,True,illuminated
2026-07-06,left,17.411150,11.999131,111.994108,288,288,1.000000,25072.055635,25419.000000,0,Monday,True,illuminated
2026-07-06,right,68.353028,59.989950,255.954491,288,288,1.000000,98428.360987,96823.000000,0,Monday,True,illuminated
2026-07-07,left,15.259983,11.999793,146.989469,287,288,0.996528,21898.075837,23262.000000,0,Tuesday,True,illuminated
2026-07-07,right,46.654614,44.996671,119.994889,287,288,0.996528,66949.370612,69053.000000,0,Tuesday,True,illuminated
2026-07-08,left,20.416272,16.997213,192.998031,287,288,0.996528,29297.350355,28984.000000,0,Wednesday,True,illuminated
2026-07-08,right,48.678402,53.999465,131.992499,287,288,0.996528,69853.507584,70434.000000,0,Wednesday,True,illuminated
2026-07-09,left,20.313893,18.997078,91.975337,288,288,1.000000,29252.005211,28447.000000,0,Thursday,True,illuminated
2026-07-09,right,55.438621,59.493060,154.997412,288,288,1.000000,79831.613860,79113.000000,0,Thursday,True,illuminated
2026-07-10,left,23.063010,21.994567,228.940989,288,288,1.000000,33210.734701,34026.000000,0,Friday,True,illuminated
2026-07-10,right,71.598957,78.489714,188.951297,288,288,1.000000,103102.498517,104774.000000,0,Friday,True,illuminated
2026-07-11,left,19.410871,18.006772,143.973535,288,288,1.000000,27951.654261,29440.000000,0,Saturday,True,illuminated
2026-07-11,right,66.086025,62.493884,146.978876,288,288,1.000000,95163.876025,95986.000000,0,Saturday,True,illuminated
2026-07-12,left,23.462329,20.999620,210.949401,288,288,1.000000,33785.754249,31411.000000,0,Sunday,True,illuminated
2026-07-12,right,60.429710,58.998872,151.994075,288,288,1.000000,87018.781874,84045.000000,0,Sunday,True,illuminated
2026-07-13,left,24.406639,22.998621,77.969569,288,288,1.000000,35145.560837,37196.000000,0,Monday,True,illuminated
2026-07-13,right,65.109836,66.493638,151.074777,288,288,1.000000,93758.163796,96151.000000,0,Monday,True,illuminated
2026-07-14,left,25.681087,19.998956,265.945416,288,288,1.000000,36980.764683,33983.000000,0,Tuesday,True,illuminated
2026-07-14,right,69.106745,73.986835,162.966552,288,288,1.000000,99513.713391,97721.000000,0,Tuesday,True,illuminated
2026-07-15,left,21.733451,18.996712,113.979868,288,288,1.000000,31296.169138,33582.000000,0,Wednesday,True,illuminated
2026-07-15,right,67.026485,69.494409,185.967830,288,288,1.000000,96518.138460,100630.000000,0,Wednesday,True,illuminated
2026-07-16,left,23.358311,20.996546,96.983886,288,288,1.000000,33635.967747,33491.000000,0,Thursday,True,illuminated
2026-07-16,right,73.251634,79.986639,171.994703,288,288,1.000000,105482.352389,104854.000000,0,Thursday,True,illuminated
2026-07-17,left,24.917390,23.995916,96.983413,288,288,1.000000,35881.041113,35450.000000,0,Friday,True,illuminated
2026-07-17,right,71.745446,77.991652,167.993255,288,288,1.000000,103313.442924,103208.000000,0,Friday,True,illuminated
2026-07-18,left,21.618437,19.997669,78.975911,288,288,1.000000,31130.549280,30924.000000,0,Saturday,True,illuminated
2026-07-18,right,72.267769,74.469658,190.994900,288,288,1.000000,104065.587918,102192.000000,0,Saturday,True,illuminated
2026-07-19,left,22.573428,22.997450,125.978059,288,288,1.000000,32505.736979,31860.000000,0,Sunday,True,illuminated
2026-07-19,right,54.878340,57.969962,185.969910,288,288,1.000000,79024.809618,77815.000000,0,Sunday,True,illuminated
2026-07-20,left,22.980080,20.999882,219.960671,287,288,0.996528,32976.414426,33078.000000,0,Monday,True,illuminated
2026-07-20,right,61.313841,62.995407,156.973026,287,288,0.996528,87985.361588,86507.000000,0,Monday,True,illuminated
2026-07-21,left,25.028723,22.995966,93.991542,288,288,1.000000,36041.360978,35778.000000,0,Tuesday,True,illuminated
2026-07-21,right,63.615147,69.989972,178.992863,288,288,1.000000,91605.810991,89715.000000,0,Tuesday,True,illuminated
2026-07-22,left,24.809635,19.999142,167.992955,288,288,1.000000,35725.874948,36975.000000,0,Wednesday,True,illuminated
2026-07-22,right,58.489544,60.992339,159.995981,288,288,1.000000,84224.943870,86106.000000,0,Wednesday,True,illuminated
2026-07-23,left,27.851637,25.996977,186.992234,288,288,1.000000,40106.357611,38734.000000,0,Thursday,True,illuminated
2026-07-23,right,73.204461,71.995956,210.994335,288,288,1.000000,105414.424246,105575.000000,0,Thursday,True,illuminated
2026-07-24,left,26.191979,25.995560,127.990379,257,288,0.892361,33656.693343,33389.000000,0,Friday,False,illuminated
2026-07-24,right,76.299570,68.988835,186.993246,257,288,0.892361,98044.948082,97222.000000,0,Friday,False,illuminated
