month,direction,mean_flow,median_daily_detections,total_counter_increments,mean_coverage,complete_days,observed_days
2025-08,left,39.816179,57522.718728,1386506.000000,0.976667,23,25
2025-08,right,62.927182,92908.743197,2208421.000000,0.976667,23,25
2025-09,left,41.830677,58658.052141,1800118.000000,0.999306,30,30
2025-09,right,66.746274,97612.787144,2885038.000000,0.999306,30,30
2025-10,left,35.201161,50909.770297,1562437.000000,0.999104,31,31
2025-10,right,63.792195,94808.015495,2846219.000000,0.999104,31,31
2025-11,left,30.742599,45887.297394,1223918.000000,0.997892,28,28
2025-11,right,59.329331,85533.442067,2389422.000000,0.997892,28,28
2025-12,left,28.143118,40911.586990,1316493.000000,0.980959,30,31
2025-12,right,55.488915,81099.054476,2634182.000000,0.980959,30,31
2026-01,left,28.892161,40190.402441,1289357.000000,0.998992,31,31
2026-01,right,60.106583,87494.437630,2673691.000000,0.998992,31,31
2026-02,left,20.167420,30809.249579,816776.000000,0.998636,28,28
2026-02,right,46.187382,74506.695690,1870943.000000,0.998636,28,28
2026-03,left,31.132393,43805.451451,1363296.000000,0.983759,29,31
2026-03,right,64.945733,93234.300916,2864740.000000,0.983759,29,31
2026-04,left,32.519020,48704.384565,1386588.000000,0.996296,29,30
2026-04,right,63.506481,93304.928415,2728683.000000,0.996296,29,30
2026-05,left,24.438256,36393.639470,1081833.000000,0.979834,23,26
2026-05,right,64.560866,104366.504482,2902382.000000,0.979834,23,26
2026-06,left,24.393487,34596.661335,1053434.000000,0.998958,30,30
2026-06,right,63.703520,93760.880465,2758291.000000,0.998958,30,30
2026-07,left,20.598507,31900.953059,708136.000000,0.994936,23,24
2026-07,right,62.799521,92681.987394,2159798.000000,0.994936,23,24
