weekday,weekday_number,quarter_hour,direction,mean,median,p25,p75,sample_count
Monday,0,0,left,111.616287,122.593576,113.107264,133.121718,129
Monday,0,0,right,116.079518,124.121038,113.978807,138.257407,129
Monday,0,15,left,114.288696,125.045409,115.821402,139.233990,129
Monday,0,15,right,121.761871,126.016697,114.817698,141.631306,129
Monday,0,30,left,124.694430,127.167862,116.004649,147.487647,129
Monday,0,30,right,117.695201,124.693157,112.935792,142.938575,129
Monday,0,45,left,121.465587,128.883436,115.859124,151.211889,129
Monday,0,45,right,109.906950,125.184349,108.457270,144.104154,129
Monday,0,60,left,123.842768,130.880648,115.677401,157.862977,128
Monday,0,60,right,115.395307,129.671283,113.297432,142.251371,128
Monday,0,75,left,119.313024,123.318460,111.497980,148.282651,129
Monday,0,75,right,120.921400,131.552551,120.121199,146.510737,129
Monday,0,90,left,128.116395,128.207321,116.250268,153.266647,129
Monday,0,90,right,120.252062,129.930087,120.684817,140.876680,129
Monday,0,105,left,122.787182,126.257032,116.066180,148.942001,129
Monday,0,105,right,122.134436,127.837817,113.156643,142.161844,129
Monday,0,120,left,122.857628,127.533771,108.977145,152.537024,129
Monday,0,120,right,123.527817,128.233422,118.512137,142.968845,129
Monday,0,135,left,114.231932,127.889617,103.062616,153.487518,129
Monday,0,135,right,126.585891,134.505619,118.254399,153.625827,129
Monday,0,150,left,105.836109,128.612017,62.069814,152.210083,128
Monday,0,150,right,130.987282,137.345531,121.906780,153.813475,128
Monday,0,165,left,106.705416,127.072057,89.854353,149.928999,129
Monday,0,165,right,126.597751,135.447284,118.999695,156.724910,129
Monday,0,180,left,114.090995,134.120154,111.002398,150.248118,129
Monday,0,180,right,134.020874,135.759404,125.069857,153.771867,129
Monday,0,195,left,120.190405,135.600397,112.170968,154.702830,129
Monday,0,195,right,130.997799,138.569700,119.462037,158.565833,129
Monday,0,210,left,107.623796,128.462672,83.485141,155.711866,129
Monday,0,210,right,128.122611,137.676501,118.119030,154.657665,129
Monday,0,225,left,123.975066,131.268161,112.040198,156.267926,129
Monday,0,225,right,133.851702,138.935229,125.463961,149.632831,129
Monday,0,240,left,119.424945,135.597948,106.685951,156.494867,129
Monday,0,240,right,132.999431,137.336114,122.654852,149.915549,129
Monday,0,255,left,119.714864,137.326820,110.575319,155.431449,129
Monday,0,255,right,135.227547,136.282525,127.808870,151.286014,129
Monday,0,270,left,121.367599,128.806131,111.270154,153.134170,129
Monday,0,270,right,129.699701,132.422467,124.555612,146.730351,129
Monday,0,285,left,128.731686,137.133357,116.442800,156.076945,129
Monday,0,285,right,126.933197,131.323532,121.131295,143.880068,129
Monday,0,300,left,136.232557,140.583342,122.868151,156.567476,129
Monday,0,300,right,132.224876,134.923961,126.986233,144.533379,129
Monday,0,315,left,133.676958,138.913732,122.179733,155.576392,129
Monday,0,315,right,133.526792,137.874548,129.803818,142.249137,129
Monday,0,330,left,126.164675,131.829017,116.356381,149.565989,129
Monday,0,330,right,134.495741,137.813685,129.242124,145.026003,129
Monday,0,345,left,125.419961,136.054362,117.817340,148.861144,129
Monday,0,345,right,136.365079,140.223959,133.382524,145.623752,129
Monday,0,360,left,134.267980,140.247356,125.678827,150.264478,129
Monday,0,360,right,134.505628,137.786940,132.076851,143.413594,129
Monday,0,375,left,132.969617,134.759043,122.631285,147.503326,129
Monday,0,375,right,134.255912,136.605884,130.311372,144.237412,129
Monday,0,390,left,135.718534,139.254804,128.905324,148.198820,129
Monday,0,390,right,135.699435,137.158614,133.443542,143.656819,129
Monday,0,405,left,130.866736,135.257977,123.426819,147.367765,129
Monday,0,405,right,136.323098,139.027240,133.736563,144.661715,129
Monday,0,420,left,128.482621,133.565149,125.938560,140.282272,129
Monday,0,420,right,134.919940,138.290886,132.923521,142.786238,129
Monday,0,435,left,132.181138,135.233750,129.983274,138.368225,128
Monday,0,435,right,134.602430,138.247545,133.022820,141.688507,128
Monday,0,450,left,132.305595,135.603725,127.936695,142.163817,129
Monday,0,450,right,134.186711,137.111696,131.902995,142.332411,129
Monday,0,465,left,130.842661,134.863186,126.609838,140.867476,128
Monday,0,465,right,134.380699,136.597777,132.464665,142.331871,128
Monday,0,480,left,132.146680,135.540044,128.285805,142.695752,129
Monday,0,480,right,134.174383,137.729201,133.348117,142.047715,129
Monday,0,495,left,130.363389,133.818789,128.904988,139.112880,129
Monday,0,495,right,134.432715,136.827318,132.450358,142.935123,129
Monday,0,510,left,129.218649,133.390877,125.817115,138.758719,127
Monday,0,510,right,135.201181,137.877589,131.387489,143.604442,127
Monday,0,525,left,130.159022,134.078098,128.710764,139.417973,129
Monday,0,525,right,132.738726,135.349331,129.974538,139.658036,129
Monday,0,540,left,132.037893,135.325975,125.911564,139.240036,129
Monday,0,540,right,133.409608,134.762316,128.895811,139.762566,129
Monday,0,555,left,129.874674,131.312362,122.693273,137.750425,129
Monday,0,555,right,133.019409,134.448956,127.606198,139.806612,129
Monday,0,570,left,129.521849,130.609834,121.781010,136.669979,129
Monday,0,570,right,132.664028,133.205197,126.636227,140.613480,129
Monday,0,585,left,130.513929,131.057039,125.618442,137.193975,128
Monday,0,585,right,131.635879,132.207326,126.641633,139.144079,128
Monday,0,600,left,131.931545,132.358007,126.477697,138.238990,129
Monday,0,600,right,132.517177,134.114218,127.938012,139.711284,129
Monday,0,615,left,131.972853,133.816470,127.919640,138.968561,129
Monday,0,615,right,130.605311,133.992708,126.854504,140.085789,129
Monday,0,630,left,129.549309,133.543359,125.484174,139.111556,128
Monday,0,630,right,128.882314,133.363694,126.350940,139.774309,128
Monday,0,645,left,130.004046,132.491267,127.762337,138.768674,129
Monday,0,645,right,129.234979,133.720012,128.432330,138.255225,129
Monday,0,660,left,129.792483,132.723979,127.385535,139.224417,129
Monday,0,660,right,130.081712,132.557086,129.038333,139.326623,129
Monday,0,675,left,129.663440,132.587649,126.728524,138.454981,129
Monday,0,675,right,130.305848,134.657149,125.610515,139.937157,129
Monday,0,690,left,129.391572,133.746382,125.071023,139.165939,129
Monday,0,690,right,130.953608,135.414200,129.372724,141.893242,129
Monday,0,705,left,129.825519,133.226074,124.449082,140.545435,129
Monday,0,705,right,131.127365,135.849595,128.562183,142.791782,129
Monday,0,720,left,129.886366,133.808587,125.602625,141.078055,129
Monday,0,720,right,129.417225,134.477245,124.193815,141.975723,129
Monday,0,735,left,129.701387,134.318310,126.405202,140.043130,129
Monday,0,735,right,131.543895,134.238317,129.230481,143.371833,129
Monday,0,750,left,131.874977,135.725514,127.423452,143.725553,129
Monday,0,750,right,132.167138,135.729213,127.093078,143.405245,129
Monday,0,765,left,131.913061,135.949082,128.519771,142.726132,129
Monday,0,765,right,130.774370,134.148718,124.848157,141.292946,129
Monday,0,780,left,133.390595,137.386236,128.597020,144.328143,129
Monday,0,780,right,130.404417,131.892362,124.410572,142.282960,129
Monday,0,795,left,133.820223,136.872151,129.495303,145.313488,129
Monday,0,795,right,133.568763,137.204264,129.213657,146.024859,129
Monday,0,810,left,131.861259,136.139961,126.035351,141.842928,129
Monday,0,810,right,132.104033,136.562169,128.298542,142.294750,129
Monday,0,825,left,131.800272,135.894676,128.922718,141.606362,129
Monday,0,825,right,130.278573,132.823638,123.103356,141.956946,129
Monday,0,840,left,133.753470,139.100694,130.339448,143.404948,129
Monday,0,840,right,131.620224,134.548429,128.188870,141.622893,129
Monday,0,855,left,133.151220,138.510942,128.952962,143.670538,129
Monday,0,855,right,133.345369,136.265518,130.040749,145.293457,129
Monday,0,870,left,132.444396,136.078748,130.188097,141.652571,129
Monday,0,870,right,134.019929,136.191380,127.855687,146.241972,129
Monday,0,885,left,133.482078,136.740128,130.599871,143.290365,129
Monday,0,885,right,135.065288,137.990637,131.704155,144.434583,129
Monday,0,900,left,132.387687,136.932968,130.158907,142.142709,129
Monday,0,900,right,134.695060,138.077335,129.353092,144.157502,129
Monday,0,915,left,133.408302,135.861089,130.982087,143.396233,129
Monday,0,915,right,132.175459,134.064670,125.473718,143.416969,129
Monday,0,930,left,132.789949,137.172113,127.450336,144.711581,129
Monday,0,930,right,132.556074,133.007395,128.937585,143.786179,129
Monday,0,945,left,133.944778,136.601210,127.705446,145.579767,128
Monday,0,945,right,133.141312,135.109078,128.179115,141.143958,128
Monday,0,960,left,136.102941,138.850683,129.455192,145.663829,129
Monday,0,960,right,134.009172,133.402753,127.785765,140.448601,129
Monday,0,975,left,135.798602,137.153502,129.884073,142.264145,129
Monday,0,975,right,133.052977,133.828347,127.211513,139.649279,129
Monday,0,990,left,135.709406,136.277610,130.338088,141.701968,129
Monday,0,990,right,132.774205,132.435664,126.242898,138.797372,129
Monday,0,1005,left,130.747113,134.684929,128.564910,140.892570,129
Monday,0,1005,right,130.942089,134.133937,128.868064,138.810452,129
Monday,0,1020,left,135.071967,135.670687,129.081054,141.139273,129
Monday,0,1020,right,134.035667,133.063609,128.283440,139.930001,129
Monday,0,1035,left,131.520980,134.573212,126.493736,141.139372,129
Monday,0,1035,right,130.238390,133.261428,125.803136,139.617110,129
Monday,0,1050,left,130.748723,133.547683,126.847926,139.255912,129
Monday,0,1050,right,128.768550,131.870393,124.062944,138.684373,129
Monday,0,1065,left,130.332769,132.369814,126.064429,138.656359,129
Monday,0,1065,right,128.372704,131.037003,123.657031,138.686313,129
Monday,0,1080,left,131.487611,135.723049,127.188394,140.226271,129
Monday,0,1080,right,129.879310,132.460353,126.184948,140.643272,129
Monday,0,1095,left,131.943060,133.933854,127.269462,139.317834,129
Monday,0,1095,right,128.796703,132.734447,124.086045,140.279119,129
Monday,0,1110,left,132.222227,134.526772,128.594181,140.738726,128
Monday,0,1110,right,132.888458,136.672970,127.276432,142.876260,128
Monday,0,1125,left,133.897183,135.229042,127.936199,142.449349,129
Monday,0,1125,right,131.530335,134.541978,128.420562,142.600480,129
Monday,0,1140,left,129.871353,132.430552,122.853386,138.981161,129
Monday,0,1140,right,131.290610,134.774399,125.646209,146.408885,129
Monday,0,1155,left,131.222149,134.082184,125.095859,141.797960,129
Monday,0,1155,right,135.159844,139.946881,128.593802,151.073617,129
Monday,0,1170,left,129.028695,132.967709,124.134252,143.595921,128
Monday,0,1170,right,131.794003,135.406193,126.673698,144.715676,128
Monday,0,1185,left,130.605316,133.451104,119.114068,148.236863,128
Monday,0,1185,right,128.891384,134.109832,117.771074,145.840989,128
Monday,0,1200,left,125.106058,133.026730,117.771115,141.635694,129
Monday,0,1200,right,127.602971,132.432398,120.899825,144.220857,129
Monday,0,1215,left,132.461387,136.590136,121.721019,149.513583,129
Monday,0,1215,right,129.178388,134.068934,122.004467,145.735674,129
Monday,0,1230,left,127.862706,133.245142,119.233566,150.270177,129
Monday,0,1230,right,126.324071,127.875589,119.750252,141.470528,129
Monday,0,1245,left,129.106628,129.571021,114.960285,153.658910,128
Monday,0,1245,right,128.789201,131.477758,118.283072,147.659379,128
Monday,0,1260,left,116.817340,128.042918,100.575710,153.676456,129
Monday,0,1260,right,133.811217,133.334607,119.268743,151.217939,129
Monday,0,1275,left,121.206249,130.208354,111.106038,148.465530,129
Monday,0,1275,right,123.966320,127.843934,115.724782,141.697250,129
Monday,0,1290,left,119.328784,123.145854,110.466538,143.486028,129
Monday,0,1290,right,126.024067,129.023828,117.214227,144.181393,129
Monday,0,1305,left,121.959386,123.861620,112.252515,148.439590,129
Monday,0,1305,right,125.928869,128.222724,119.322291,140.167401,129
Monday,0,1320,left,111.886572,127.416132,102.263059,145.098037,129
Monday,0,1320,right,125.897632,127.152858,117.371551,139.326008,129
Monday,0,1335,left,120.343175,126.470806,108.147493,147.443790,129
Monday,0,1335,right,124.085570,128.534161,114.375882,142.500795,129
Monday,0,1350,left,123.930366,123.777445,111.134993,151.839928,129
Monday,0,1350,right,123.333368,128.390458,116.891635,137.285563,129
Monday,0,1365,left,116.249344,120.291769,106.052305,143.226503,129
Monday,0,1365,right,116.221959,125.025803,112.460056,139.504281,129
Monday,0,1380,left,124.077335,127.778136,115.881590,139.871377,129
Monday,0,1380,right,126.447975,126.802595,118.121588,143.167964,129
Monday,0,1395,left,119.905041,127.248471,116.207612,139.339192,129
Monday,0,1395,right,119.950257,127.358488,112.211806,137.916041,129
Monday,0,1410,left,119.171668,127.776437,116.463583,141.281533,129
Monday,0,1410,right,121.098554,126.203539,114.901277,145.263925,129
Monday,0,1425,left,127.729126,129.712395,119.596481,145.804447,129
Monday,0,1425,right,124.871338,127.846000,120.652065,145.448064,129
Tuesday,1,0,left,123.125260,124.896856,115.070908,146.672315,135
Tuesday,1,0,right,123.002093,126.882459,115.786252,144.336158,135
Tuesday,1,15,left,123.977160,128.744933,120.234186,140.594954,135
Tuesday,1,15,right,119.220208,126.613802,111.381819,143.463850,135
Tuesday,1,30,left,114.643605,126.744016,108.269301,138.563373,135
Tuesday,1,30,right,113.955496,125.407180,103.583642,143.370404,135
Tuesday,1,45,left,111.824588,121.944960,101.796694,135.701778,135
Tuesday,1,45,right,114.676296,123.630394,94.016559,146.380191,135
Tuesday,1,60,left,118.791961,124.558497,109.432387,142.675322,135
Tuesday,1,60,right,117.966177,127.932211,111.269361,149.114886,135
Tuesday,1,75,left,110.700636,124.272222,101.906340,142.057500,135
Tuesday,1,75,right,119.453138,128.719659,111.765188,151.989464,135
Tuesday,1,90,left,112.455642,117.993700,98.773587,147.976447,135
Tuesday,1,90,right,120.315440,125.201201,111.855291,147.019742,135
Tuesday,1,105,left,115.223833,121.619917,105.344756,140.602986,135
Tuesday,1,105,right,114.617238,123.837160,104.491232,142.850537,135
Tuesday,1,120,left,123.161558,124.017356,112.729321,147.532225,135
Tuesday,1,120,right,118.568883,123.335796,111.145286,134.073268,135
Tuesday,1,135,left,118.917547,133.432944,108.189390,152.523623,135
Tuesday,1,135,right,123.408118,129.027758,113.820370,146.823447,135
Tuesday,1,150,left,117.814966,130.048141,107.072051,152.640821,135
Tuesday,1,150,right,127.968640,135.852428,118.716513,152.931366,135
Tuesday,1,165,left,123.711779,135.992577,113.988428,150.702967,135
Tuesday,1,165,right,128.866120,140.246386,118.551361,154.472382,135
Tuesday,1,180,left,112.308377,125.616664,97.018779,150.996548,135
Tuesday,1,180,right,134.227396,135.890633,122.949116,153.527931,135
Tuesday,1,195,left,119.944867,125.984218,107.479312,158.147989,134
Tuesday,1,195,right,130.840801,138.830141,121.017602,157.991590,134
Tuesday,1,210,left,119.896466,129.760133,103.261838,151.973037,135
Tuesday,1,210,right,133.835487,141.386743,124.607895,152.811584,135
Tuesday,1,225,left,126.939403,133.411643,116.788736,155.140291,135
Tuesday,1,225,right,125.651694,131.160070,119.465225,146.759193,135
Tuesday,1,240,left,120.460420,132.201210,114.516736,154.856178,134
Tuesday,1,240,right,129.978120,134.617036,124.202732,145.005650,134
Tuesday,1,255,left,121.324238,134.336177,113.963374,153.841704,135
Tuesday,1,255,right,132.332885,136.608729,126.036997,148.540160,135
Tuesday,1,270,left,124.141143,134.052191,114.003659,153.222831,135
Tuesday,1,270,right,131.798886,131.481890,120.332597,148.534559,135
Tuesday,1,285,left,123.318955,134.810192,115.743667,149.758945,135
Tuesday,1,285,right,134.790801,136.661381,125.544398,147.963452,135
Tuesday,1,300,left,129.770367,131.774877,120.202850,146.511080,135
Tuesday,1,300,right,130.954916,133.656140,126.906369,140.927123,135
Tuesday,1,315,left,129.451312,133.119271,117.829386,147.911627,135
Tuesday,1,315,right,129.726529,132.843885,125.071690,139.895956,135
Tuesday,1,330,left,133.021989,132.206702,118.763512,152.660396,134
Tuesday,1,330,right,134.233031,137.851701,128.926908,144.527201,134
Tuesday,1,345,left,129.973430,131.634277,120.862339,142.599846,135
Tuesday,1,345,right,135.697629,139.226382,132.064381,145.986983,135
Tuesday,1,360,left,133.687715,135.604376,125.493507,148.221634,135
Tuesday,1,360,right,133.934063,136.981143,130.517978,142.640410,135
Tuesday,1,375,left,132.450585,134.547492,125.265882,145.216864,135
Tuesday,1,375,right,132.876292,136.393171,127.897261,142.437553,135
Tuesday,1,390,left,130.640227,134.427027,122.383316,145.569379,135
Tuesday,1,390,right,132.773334,135.174548,128.255661,142.711123,135
Tuesday,1,405,left,130.248143,133.578959,125.727242,144.063793,134
Tuesday,1,405,right,133.676167,136.992065,131.467856,143.380088,134
Tuesday,1,420,left,132.097153,134.694356,126.882127,143.304598,135
Tuesday,1,420,right,133.086568,135.998838,131.458982,141.120330,135
Tuesday,1,435,left,133.698328,136.675637,129.557814,143.450931,135
Tuesday,1,435,right,134.133745,137.579263,132.752969,141.908242,135
Tuesday,1,450,left,129.349638,133.787215,123.980501,139.495240,135
Tuesday,1,450,right,132.039025,135.476647,130.824146,141.167756,135
Tuesday,1,465,left,126.257012,129.873036,120.790438,136.380005,135
Tuesday,1,465,right,132.495640,136.486734,130.268660,142.047383,135
Tuesday,1,480,left,126.800893,128.829002,120.231523,138.511996,135
Tuesday,1,480,right,132.341673,135.861570,128.770592,142.344854,135
Tuesday,1,495,left,127.452169,130.363881,122.666859,137.237242,135
Tuesday,1,495,right,132.430651,135.404837,128.460708,142.597216,135
Tuesday,1,510,left,129.691187,132.676605,126.070598,140.236402,135
Tuesday,1,510,right,132.609297,136.665441,129.389788,141.642043,135
Tuesday,1,525,left,130.045702,135.011438,125.149818,141.277733,135
Tuesday,1,525,right,132.023653,135.082084,128.785977,142.191950,135
Tuesday,1,540,left,129.840918,135.474650,125.179684,141.218310,135
Tuesday,1,540,right,131.041567,134.775949,127.721667,142.059010,135
Tuesday,1,555,left,130.295366,134.980133,126.775903,141.003796,135
Tuesday,1,555,right,131.384060,136.173362,129.904467,141.318233,135
Tuesday,1,570,left,131.889252,136.645404,128.332749,142.514911,135
Tuesday,1,570,right,129.462232,133.256346,127.825677,140.482534,135
Tuesday,1,585,left,131.379708,135.672567,126.363460,141.670842,135
Tuesday,1,585,right,129.195328,133.755844,125.188627,140.386855,135
Tuesday,1,600,left,128.737677,132.130925,124.648137,138.159229,134
Tuesday,1,600,right,129.608589,134.649725,125.533302,139.206754,134
Tuesday,1,615,left,129.090087,133.539460,125.403327,139.823516,135
Tuesday,1,615,right,129.218482,134.655989,127.330814,140.225855,135
Tuesday,1,630,left,125.595512,132.478734,121.851220,137.749959,135
Tuesday,1,630,right,125.647448,132.915274,125.449873,136.825593,135
Tuesday,1,645,left,122.782057,128.877841,121.270361,135.610764,135
Tuesday,1,645,right,125.552841,131.800744,125.100016,137.955210,135
Tuesday,1,660,left,125.846203,131.722514,123.636823,138.566892,135
Tuesday,1,660,right,125.339203,131.460007,126.306924,137.764689,135
Tuesday,1,675,left,127.549347,135.634663,124.298481,140.232063,135
Tuesday,1,675,right,126.943449,133.366959,126.516932,138.296716,135
Tuesday,1,690,left,126.339718,131.950276,125.719986,140.004782,135
Tuesday,1,690,right,126.722643,133.883715,126.521482,138.736401,135
Tuesday,1,705,left,126.575569,132.364631,124.810638,140.465663,135
Tuesday,1,705,right,127.565914,134.209448,127.618318,140.282954,135
Tuesday,1,720,left,125.647666,131.045578,124.299886,138.827407,135
Tuesday,1,720,right,126.753958,134.462258,125.332828,140.105183,135
Tuesday,1,735,left,125.690949,132.512395,122.599189,140.021911,135
Tuesday,1,735,right,127.216014,135.404688,127.084300,139.983949,135
Tuesday,1,750,left,126.459463,131.837618,124.230333,140.325934,135
Tuesday,1,750,right,128.343074,135.406594,126.187419,143.573009,135
Tuesday,1,765,left,126.911066,133.322563,124.659429,141.410058,134
Tuesday,1,765,right,129.506039,135.762025,126.111805,143.538601,134
Tuesday,1,780,left,127.246382,133.567732,125.296155,139.403930,135
Tuesday,1,780,right,129.725534,135.487987,128.137187,142.366851,135
Tuesday,1,795,left,128.510285,134.321672,128.240228,140.741408,135
Tuesday,1,795,right,130.085214,137.180379,128.481786,145.328988,135
Tuesday,1,810,left,129.801360,135.958296,128.607503,143.049071,135
Tuesday,1,810,right,131.028947,136.651123,130.300343,144.633688,135
Tuesday,1,825,left,129.571190,136.594822,129.169473,141.539551,135
Tuesday,1,825,right,129.663016,136.582731,125.379229,142.445338,135
Tuesday,1,840,left,130.275198,138.250317,131.824018,141.999499,135
Tuesday,1,840,right,129.048788,135.210109,127.647108,141.192665,135
Tuesday,1,855,left,130.344093,138.011370,132.731981,141.802185,135
Tuesday,1,855,right,129.020613,134.374307,126.420560,142.499857,135
Tuesday,1,870,left,130.049073,137.641876,131.200033,140.941886,135
Tuesday,1,870,right,131.147783,135.985030,129.213837,143.596433,135
Tuesday,1,885,left,130.979212,137.188847,133.644028,141.176220,135
Tuesday,1,885,right,130.260998,136.804049,128.704096,142.435887,135
Tuesday,1,900,left,129.180493,135.994850,131.457543,140.360524,135
Tuesday,1,900,right,131.046922,136.303076,130.377706,144.102288,135
Tuesday,1,915,left,129.303304,135.384652,129.635161,140.726797,135
Tuesday,1,915,right,131.143919,137.526716,127.945561,144.224240,135
Tuesday,1,930,left,129.463534,136.521784,130.671818,140.412733,135
Tuesday,1,930,right,129.350055,135.087808,127.406116,142.001465,135
Tuesday,1,945,left,130.229378,136.733057,131.477886,142.072215,135
Tuesday,1,945,right,129.610318,135.216686,126.553321,141.509022,135
Tuesday,1,960,left,129.825040,136.324354,131.158067,140.411657,135
Tuesday,1,960,right,129.202071,135.335713,125.894180,142.246289,135
Tuesday,1,975,left,130.299615,136.422566,130.673157,140.555351,134
Tuesday,1,975,right,128.913064,135.253473,126.496090,141.606531,134
Tuesday,1,990,left,130.096535,135.825302,131.000911,140.501569,135
Tuesday,1,990,right,128.361359,134.419352,128.880633,139.191382,135
Tuesday,1,1005,left,129.224631,134.946516,129.627666,139.610306,135
Tuesday,1,1005,right,128.541045,134.740534,128.494278,139.640555,135
Tuesday,1,1020,left,129.083815,134.321342,129.102625,140.133999,135
Tuesday,1,1020,right,127.613578,133.915957,127.888238,137.719061,135
Tuesday,1,1035,left,128.783098,134.273009,128.711858,139.345676,135
Tuesday,1,1035,right,127.243894,132.737368,126.939141,138.458419,135
Tuesday,1,1050,left,129.027327,134.051457,126.790760,139.479416,135
Tuesday,1,1050,right,127.759175,133.032476,127.319412,139.888278,135
Tuesday,1,1065,left,129.406082,134.620748,129.119986,139.983257,135
Tuesday,1,1065,right,128.470845,134.165946,129.620795,137.951325,135
Tuesday,1,1080,left,130.216880,135.298248,128.731724,141.515463,135
Tuesday,1,1080,right,128.380214,134.811205,129.616830,140.347122,135
Tuesday,1,1095,left,131.681652,136.126631,131.376692,142.448153,135
Tuesday,1,1095,right,129.921544,135.508354,130.299412,140.495975,135
Tuesday,1,1110,left,127.670124,134.243116,128.049326,141.624061,135
Tuesday,1,1110,right,128.715422,133.342137,129.121975,139.757730,135
Tuesday,1,1125,left,126.082534,133.745397,127.442686,141.989961,135
Tuesday,1,1125,right,131.761080,136.108903,131.198003,141.068625,135
Tuesday,1,1140,left,128.442536,134.880456,126.521728,141.537228,135
Tuesday,1,1140,right,130.784365,136.029097,129.119745,143.621419,135
Tuesday,1,1155,left,126.717951,134.806908,127.154484,142.752808,135
Tuesday,1,1155,right,127.922210,134.678708,129.788418,141.211916,135
Tuesday,1,1170,left,127.613161,133.416129,123.801579,143.739038,135
Tuesday,1,1170,right,128.356715,135.077883,125.011796,146.202859,135
Tuesday,1,1185,left,124.341535,132.906150,118.012596,140.914528,135
Tuesday,1,1185,right,129.440839,136.284392,125.485970,145.061426,135
Tuesday,1,1200,left,126.000596,132.650101,119.740953,141.989670,135
Tuesday,1,1200,right,130.203543,136.431941,123.858730,147.342813,135
Tuesday,1,1215,left,124.306875,131.783937,116.758874,145.805206,135
Tuesday,1,1215,right,128.061651,133.544541,119.200303,146.233679,135
Tuesday,1,1230,left,123.020857,130.573057,115.267166,144.974220,135
Tuesday,1,1230,right,132.123497,134.838772,122.951508,150.006103,135
Tuesday,1,1245,left,119.484208,127.094807,112.625388,139.575377,135
Tuesday,1,1245,right,129.388255,131.650316,119.488130,147.630665,135
Tuesday,1,1260,left,121.889261,130.056206,114.264159,147.280581,135
Tuesday,1,1260,right,119.355452,126.294831,111.268247,144.391921,135
Tuesday,1,1275,left,119.302971,126.313953,106.632513,142.591679,135
Tuesday,1,1275,right,120.696799,126.485434,112.848531,140.180572,135
Tuesday,1,1290,left,108.790678,121.740218,99.020489,136.214846,135
Tuesday,1,1290,right,124.889753,128.746151,119.134301,143.513641,135
Tuesday,1,1305,left,110.530138,121.568454,98.507004,139.195851,135
Tuesday,1,1305,right,119.211557,123.812283,114.789034,137.786492,135
Tuesday,1,1320,left,120.233990,123.829569,113.237532,147.378866,135
Tuesday,1,1320,right,124.551020,129.076068,115.864382,144.497267,135
Tuesday,1,1335,left,119.561325,125.742506,113.347339,143.801835,135
Tuesday,1,1335,right,122.269731,126.139830,115.488574,143.725583,135
Tuesday,1,1350,left,114.263689,123.775128,107.150327,138.753362,135
Tuesday,1,1350,right,120.804346,125.783914,113.981957,138.523936,135
Tuesday,1,1365,left,120.228155,124.679810,114.966812,142.677010,134
Tuesday,1,1365,right,123.497084,128.003045,117.063179,144.893357,134
Tuesday,1,1380,left,119.667917,124.552374,114.493323,141.239517,134
Tuesday,1,1380,right,122.513785,127.447405,118.005260,140.727463,134
Tuesday,1,1395,left,120.278782,126.016805,117.729964,135.866413,135
Tuesday,1,1395,right,120.041890,125.667518,117.048580,136.186762,135
Tuesday,1,1410,left,117.602791,127.197301,114.308681,136.252540,135
Tuesday,1,1410,right,119.155857,125.102012,114.927838,135.592360,135
Tuesday,1,1425,left,114.533524,123.830361,107.972107,134.474421,134
Tuesday,1,1425,right,123.452146,125.819396,114.377828,141.724572,134
Wednesday,2,0,left,114.828018,123.699761,113.047338,133.956184,135
Wednesday,2,0,right,121.992643,124.189535,112.282608,145.802452,135
Wednesday,2,15,left,118.483646,127.095316,119.145707,133.468446,135
Wednesday,2,15,right,119.652788,124.449896,109.949330,146.383717,135
Wednesday,2,30,left,116.523157,125.206486,116.812831,135.052202,135
Wednesday,2,30,right,116.558333,124.066497,110.852728,142.036462,135
Wednesday,2,45,left,117.134978,126.758204,113.873524,141.092978,135
Wednesday,2,45,right,123.181589,126.946827,117.297023,144.346238,135
Wednesday,2,60,left,115.876828,126.139922,111.700992,144.248044,135
Wednesday,2,60,right,112.212856,120.644947,99.792680,136.399560,135
Wednesday,2,75,left,112.758951,122.941156,111.412956,139.152029,135
Wednesday,2,75,right,112.775630,123.253549,111.150428,135.964980,135
Wednesday,2,90,left,115.089379,124.578500,107.351865,141.002844,135
Wednesday,2,90,right,118.072891,125.266883,115.989963,139.475074,135
Wednesday,2,105,left,126.918226,130.517712,115.099808,148.700655,135
Wednesday,2,105,right,121.046185,124.065587,112.041622,143.770716,135
Wednesday,2,120,left,113.254132,122.383171,101.617673,145.401222,135
Wednesday,2,120,right,119.463904,124.237957,105.402571,141.593284,135
Wednesday,2,135,left,122.744306,135.777723,107.151172,162.010084,135
Wednesday,2,135,right,121.901024,126.909091,116.527757,154.408106,135
Wednesday,2,150,left,116.935417,132.694116,106.352928,151.929232,135
Wednesday,2,150,right,130.749820,140.904014,121.040898,156.887988,135
Wednesday,2,165,left,108.295850,128.023436,100.522036,146.745332,135
Wednesday,2,165,right,133.368985,138.539966,120.657978,153.669735,135
Wednesday,2,180,left,112.339156,134.277650,94.578109,151.816123,135
Wednesday,2,180,right,122.263704,130.621850,115.830587,154.220911,135
Wednesday,2,195,left,120.102555,129.602066,105.747293,150.223853,135
Wednesday,2,195,right,128.195880,136.101717,119.185425,150.265075,135
Wednesday,2,210,left,117.744759,134.391475,108.882827,149.791128,134
Wednesday,2,210,right,130.444167,139.805758,124.268281,151.238779,134
Wednesday,2,225,left,116.234332,135.549557,110.679407,151.354236,135
Wednesday,2,225,right,133.105762,139.015279,126.237817,153.132043,135
Wednesday,2,240,left,129.113465,138.961561,116.919090,154.579035,135
Wednesday,2,240,right,134.783144,141.448340,126.116759,156.719997,135
Wednesday,2,255,left,131.569121,142.545963,116.711207,160.080146,135
Wednesday,2,255,right,130.247236,136.193383,122.036022,148.438270,135
Wednesday,2,270,left,127.828654,136.567427,116.512166,155.059996,135
Wednesday,2,270,right,130.271703,136.100002,126.136205,145.972099,135
Wednesday,2,285,left,129.357945,135.600041,121.378695,151.077865,134
Wednesday,2,285,right,128.947782,136.818281,127.847838,143.489696,134
Wednesday,2,300,left,125.333014,130.954221,116.878780,142.363017,135
Wednesday,2,300,right,129.011388,133.237975,126.231450,143.221973,135
Wednesday,2,315,left,124.753092,130.274930,115.946333,147.701242,135
Wednesday,2,315,right,126.017259,133.861057,122.255186,141.589159,135
Wednesday,2,330,left,124.795142,130.382375,115.705250,149.504088,135
Wednesday,2,330,right,129.656584,135.660926,127.832494,140.645673,135
Wednesday,2,345,left,124.038892,132.296749,118.927332,145.986386,135
Wednesday,2,345,right,130.670098,137.254751,129.374497,142.348013,135
Wednesday,2,360,left,133.157691,136.510786,124.045099,148.789719,135
Wednesday,2,360,right,131.414411,137.396490,130.819432,143.613942,135
Wednesday,2,375,left,126.839555,133.919541,123.619213,145.236992,135
Wednesday,2,375,right,130.568424,135.966321,127.897989,143.381929,135
Wednesday,2,390,left,126.266451,134.009030,123.356636,145.740680,134
Wednesday,2,390,right,131.433887,136.664700,130.445093,144.567276,134
Wednesday,2,405,left,131.130911,134.165361,126.078825,147.063319,135
Wednesday,2,405,right,132.326320,137.378356,132.653582,143.668942,135
Wednesday,2,420,left,128.075069,132.393748,124.550641,141.624162,135
Wednesday,2,420,right,131.333493,137.252730,131.205103,141.080753,135
Wednesday,2,435,left,127.424639,133.267841,122.793423,143.482585,135
Wednesday,2,435,right,131.401567,137.706033,133.124236,142.352851,135
Wednesday,2,450,left,127.202699,132.901371,123.342269,141.196747,135
Wednesday,2,450,right,132.126680,137.746598,132.828119,142.881969,135
Wednesday,2,465,left,126.678218,134.149335,124.537003,140.169329,135
Wednesday,2,465,right,129.646722,136.336293,130.209844,141.470781,135
Wednesday,2,480,left,129.619077,134.999893,127.616949,142.263067,135
Wednesday,2,480,right,129.046151,134.874364,130.695477,140.309218,135
Wednesday,2,495,left,128.172100,134.474007,126.535775,139.323036,135
Wednesday,2,495,right,130.251697,136.532501,131.568153,140.802646,135
Wednesday,2,510,left,127.334395,132.114543,124.853788,139.032742,135
Wednesday,2,510,right,129.955400,136.843757,129.726519,140.794834,135
Wednesday,2,525,left,127.864211,133.035076,125.751635,139.663637,135
Wednesday,2,525,right,129.645155,137.150737,131.374086,141.155298,135
Wednesday,2,540,left,127.136049,132.611342,126.351653,139.634806,135
Wednesday,2,540,right,128.944937,134.139376,129.464526,139.477220,135
Wednesday,2,555,left,126.596788,132.734565,124.080126,140.351662,135
Wednesday,2,555,right,126.473416,132.294701,126.191226,138.823680,135
Wednesday,2,570,left,126.010781,131.858041,125.388037,137.493704,135
Wednesday,2,570,right,126.010593,133.186957,126.731418,137.839880,135
Wednesday,2,585,left,121.370892,129.090502,122.376629,135.163375,135
Wednesday,2,585,right,121.678577,129.941415,121.861659,136.488859,135
Wednesday,2,600,left,119.948059,130.328419,116.893975,136.850025,135
Wednesday,2,600,right,120.110263,129.643803,119.694934,136.338557,135
Wednesday,2,615,left,123.431852,131.149363,123.491391,139.099184,135
Wednesday,2,615,right,121.833699,131.572292,123.067739,135.775981,135
Wednesday,2,630,left,122.234161,129.967621,123.220917,137.508307,135
Wednesday,2,630,right,123.827231,132.155925,124.761171,137.423349,135
Wednesday,2,645,left,123.621636,130.156734,123.578351,138.652952,135
Wednesday,2,645,right,124.842977,133.528486,127.476647,138.826232,135
Wednesday,2,660,left,124.960860,132.895217,123.454391,137.697174,135
Wednesday,2,660,right,125.598966,133.265515,125.369204,139.122122,135
Wednesday,2,675,left,125.486751,133.807223,121.914021,138.937709,135
Wednesday,2,675,right,126.475471,132.889986,124.835901,138.324307,135
Wednesday,2,690,left,124.961462,131.421646,122.324595,139.697705,135
Wednesday,2,690,right,125.181821,132.059835,126.586296,136.319569,135
Wednesday,2,705,left,128.654297,132.744488,126.040349,138.978996,134
Wednesday,2,705,right,129.668481,133.513717,128.779940,140.095070,134
Wednesday,2,720,left,128.806083,132.050925,123.109279,141.721277,135
Wednesday,2,720,right,130.167961,134.016071,129.076700,140.808050,135
Wednesday,2,735,left,130.238249,134.185890,125.706418,142.088621,134
Wednesday,2,735,right,129.505894,133.164128,126.913157,138.203380,134
Wednesday,2,750,left,129.926141,135.674558,128.084458,140.800367,135
Wednesday,2,750,right,130.994007,133.979992,128.876853,140.035244,135
Wednesday,2,765,left,129.757245,133.835159,124.039054,140.374600,135
Wednesday,2,765,right,131.268208,134.138712,127.631963,141.037529,135
Wednesday,2,780,left,131.543597,133.962590,127.991552,140.702717,135
Wednesday,2,780,right,133.817290,135.219589,130.961439,143.590765,135
Wednesday,2,795,left,132.359575,135.214348,128.807377,142.768094,135
Wednesday,2,795,right,132.984841,135.417003,128.409161,142.516811,135
Wednesday,2,810,left,133.566270,136.057201,131.027559,143.092261,135
Wednesday,2,810,right,135.188827,139.141861,130.180300,146.901521,135
Wednesday,2,825,left,134.834775,138.072190,132.272064,143.068735,135
Wednesday,2,825,right,134.952862,138.161583,131.600176,145.255765,135
Wednesday,2,840,left,133.605460,136.707120,130.672988,142.931690,135
Wednesday,2,840,right,134.735960,137.681434,130.771626,145.265211,135
Wednesday,2,855,left,134.410989,136.934846,132.592811,143.299901,135
Wednesday,2,855,right,133.694858,136.803549,129.196328,144.481518,135
Wednesday,2,870,left,133.133825,136.784146,130.179974,143.341684,135
Wednesday,2,870,right,134.690404,138.226154,130.594990,144.898445,135
Wednesday,2,885,left,133.546777,135.796367,131.992506,140.966326,135
Wednesday,2,885,right,133.018368,136.793877,129.379324,141.846431,135
Wednesday,2,900,left,133.616240,136.309041,130.884109,141.719851,135
Wednesday,2,900,right,134.884400,136.227745,130.997049,144.811559,135
Wednesday,2,915,left,132.524377,136.226581,128.673434,140.964013,135
Wednesday,2,915,right,132.098764,133.161792,128.008256,144.952546,135
Wednesday,2,930,left,133.220335,136.618471,130.355374,141.318001,135
Wednesday,2,930,right,132.643597,134.245386,128.589242,143.286074,135
Wednesday,2,945,left,132.758393,135.524572,129.523785,143.234167,135
Wednesday,2,945,right,132.081898,134.406811,129.218694,140.498081,135
Wednesday,2,960,left,133.930479,136.604941,130.357386,143.435427,135
Wednesday,2,960,right,130.775104,133.975975,128.644757,138.269433,135
Wednesday,2,975,left,133.723901,136.961403,131.563602,142.000566,135
Wednesday,2,975,right,130.860774,133.336985,128.927145,139.725586,135
Wednesday,2,990,left,132.915479,137.176652,131.013486,141.374717,135
Wednesday,2,990,right,129.626721,132.342019,128.419933,136.957979,135
Wednesday,2,1005,left,131.693713,133.956945,128.618543,141.042247,134
Wednesday,2,1005,right,130.965872,133.746206,128.084224,139.827472,134
Wednesday,2,1020,left,130.752737,133.715815,127.654563,139.673862,135
Wednesday,2,1020,right,130.954897,133.536033,129.604362,138.457492,135
Wednesday,2,1035,left,130.953144,133.258482,127.275211,140.223362,135
Wednesday,2,1035,right,130.832771,133.751450,129.254040,139.544337,135
Wednesday,2,1050,left,130.550549,133.299721,126.059121,140.449302,135
Wednesday,2,1050,right,130.905894,133.790790,130.043430,140.086430,135
Wednesday,2,1065,left,131.064177,133.628895,128.740521,141.205348,135
Wednesday,2,1065,right,131.448680,133.517241,128.973559,138.853124,135
Wednesday,2,1080,left,130.936638,132.589138,127.492140,139.816286,134
Wednesday,2,1080,right,130.711660,133.286702,129.867683,137.582031,134
Wednesday,2,1095,left,134.507632,135.338582,130.082037,143.563978,135
Wednesday,2,1095,right,131.443947,134.493558,128.786103,139.442102,135
Wednesday,2,1110,left,133.007214,135.038204,128.331545,142.701057,135
Wednesday,2,1110,right,131.066367,133.567580,126.771498,142.381630,135
Wednesday,2,1125,left,132.377595,133.982982,127.476774,141.775917,135
Wednesday,2,1125,right,131.702665,135.938645,126.904344,143.027985,135
Wednesday,2,1140,left,133.751560,135.690976,127.325262,142.965933,135
Wednesday,2,1140,right,130.925495,136.188671,126.152812,141.756503,135
Wednesday,2,1155,left,128.213489,133.295282,127.606838,138.984956,135
Wednesday,2,1155,right,130.157230,132.137394,124.317617,142.325036,135
Wednesday,2,1170,left,130.477919,132.879554,125.346528,142.266759,135
Wednesday,2,1170,right,129.776298,133.984092,125.083165,145.372476,135
Wednesday,2,1185,left,128.522366,134.616902,121.679003,141.768759,135
Wednesday,2,1185,right,129.922008,134.624253,119.608360,144.527928,135
Wednesday,2,1200,left,132.088167,137.914973,123.799663,147.250689,135
Wednesday,2,1200,right,124.972649,130.100708,119.780857,141.466420,135
Wednesday,2,1215,left,126.782497,134.821915,118.611922,146.167117,135
Wednesday,2,1215,right,126.931346,132.183684,120.565393,142.078811,135
Wednesday,2,1230,left,129.113696,135.552029,122.679792,148.648799,134
Wednesday,2,1230,right,130.785933,132.218575,123.486132,145.797431,134
Wednesday,2,1245,left,126.940453,131.064563,119.087433,146.677231,135
Wednesday,2,1245,right,130.236960,129.764174,120.807970,145.684173,135
Wednesday,2,1260,left,125.161864,130.686665,112.676973,154.532515,135
Wednesday,2,1260,right,127.063081,128.655290,119.064151,144.430352,135
Wednesday,2,1275,left,120.208973,120.413585,110.624112,142.232140,135
Wednesday,2,1275,right,129.414889,130.461154,117.329509,149.145466,135
Wednesday,2,1290,left,124.365608,126.180939,114.639458,145.745202,135
Wednesday,2,1290,right,129.032952,132.224277,120.417084,147.487905,135
Wednesday,2,1305,left,126.881389,128.672749,116.381482,150.189130,135
Wednesday,2,1305,right,127.206269,128.714658,117.902370,145.214510,135
Wednesday,2,1320,left,122.128650,121.764185,110.296043,148.399371,135
Wednesday,2,1320,right,127.806040,127.937487,116.948488,141.859722,135
Wednesday,2,1335,left,124.656809,129.615338,111.663797,156.840118,133
Wednesday,2,1335,right,124.881244,127.483999,116.142258,141.405745,133
Wednesday,2,1350,left,117.840188,123.376976,111.327333,150.405152,134
Wednesday,2,1350,right,121.525281,124.226446,111.772972,135.741863,134
Wednesday,2,1365,left,118.779740,120.982180,108.978520,143.612716,135
Wednesday,2,1365,right,124.796035,126.952955,116.110204,141.182886,135
Wednesday,2,1380,left,119.762720,126.251993,110.334629,142.943404,137
Wednesday,2,1380,right,121.225514,127.749067,112.525673,140.464642,137
Wednesday,2,1395,left,115.420562,126.897397,110.300674,136.306625,138
Wednesday,2,1395,right,121.737699,126.917410,109.338397,141.515864,138
Wednesday,2,1410,left,121.898536,128.992174,116.926644,140.134838,138
Wednesday,2,1410,right,122.223735,128.264635,117.868524,139.515895,138
Wednesday,2,1425,left,119.757992,127.976566,115.832361,138.548711,138
Wednesday,2,1425,right,123.899604,128.129154,118.080538,144.898675,138
Thursday,3,0,left,120.299703,124.419644,114.323686,138.478653,138
Thursday,3,0,right,122.302398,124.521599,111.389725,142.753654,138
Thursday,3,15,left,118.397710,123.478984,117.302914,129.831989,138
Thursday,3,15,right,123.484313,126.074293,112.509498,144.204372,138
Thursday,3,30,left,127.692239,129.273379,120.823162,137.430649,138
Thursday,3,30,right,124.768154,125.675348,112.886374,142.283445,138
Thursday,3,45,left,124.363283,130.796736,115.090290,144.320355,138
Thursday,3,45,right,120.760973,125.367764,111.576375,142.783577,138
Thursday,3,60,left,115.567098,125.554832,114.487712,140.297741,138
Thursday,3,60,right,121.456402,125.181428,115.276654,139.938408,138
Thursday,3,75,left,109.493074,119.499959,102.973226,135.954537,138
Thursday,3,75,right,124.426500,126.316500,107.139007,143.192279,138
Thursday,3,90,left,122.194396,127.183850,110.224212,147.842440,138
Thursday,3,90,right,123.999962,126.540593,111.989938,147.368215,138
Thursday,3,105,left,113.912976,119.727150,99.964986,137.853617,138
Thursday,3,105,right,117.901487,121.461460,103.980353,139.103073,138
Thursday,3,120,left,111.549162,120.418841,98.649499,138.310438,138
Thursday,3,120,right,121.116782,127.503220,114.057795,142.685714,138
Thursday,3,135,left,118.662761,124.984052,105.077768,146.368825,138
Thursday,3,135,right,123.703831,128.941281,109.217724,149.774156,138
Thursday,3,150,left,114.256388,128.718425,97.383605,151.305533,138
Thursday,3,150,right,124.336922,132.445216,118.077710,154.503252,138
Thursday,3,165,left,110.382108,128.673444,95.528629,154.796910,138
Thursday,3,165,right,125.524356,132.772154,116.234858,154.506136,138
Thursday,3,180,left,119.485056,135.180729,115.528418,159.747044,138
Thursday,3,180,right,129.933760,137.829030,120.302370,155.381974,138
Thursday,3,195,left,117.172953,130.340187,112.327593,156.352244,138
Thursday,3,195,right,129.415419,138.796630,120.862301,156.400423,138
Thursday,3,210,left,118.515450,133.936253,113.323206,154.454356,138
Thursday,3,210,right,121.737966,137.230296,113.657125,153.653055,138
Thursday,3,225,left,112.470404,132.157648,99.323863,154.498626,138
Thursday,3,225,right,120.542608,136.471860,119.827069,150.798801,138
Thursday,3,240,left,119.630062,138.210043,115.477478,155.982415,138
Thursday,3,240,right,124.637493,134.123755,118.474317,148.422639,138
Thursday,3,255,left,116.918547,137.654434,107.256789,158.976874,138
Thursday,3,255,right,118.373524,132.483737,118.994136,144.680698,138
Thursday,3,270,left,112.462176,132.483543,97.086249,155.374170,138
Thursday,3,270,right,120.761809,130.862074,119.702352,144.447192,138
Thursday,3,285,left,119.363216,131.493727,111.696022,157.350938,138
Thursday,3,285,right,124.431048,135.002205,120.971697,147.017291,138
Thursday,3,300,left,125.272946,134.027403,116.462118,154.078304,138
Thursday,3,300,right,123.277574,134.465352,124.637461,142.573325,138
Thursday,3,315,left,115.727828,123.878103,114.026291,139.741941,138
Thursday,3,315,right,123.178453,134.489460,124.967923,140.479711,138
Thursday,3,330,left,116.436109,126.948003,116.815665,141.836185,138
Thursday,3,330,right,121.454528,133.355444,124.473086,143.564715,138
Thursday,3,345,left,121.147034,133.813289,114.688289,145.174803,138
Thursday,3,345,right,124.867105,135.990102,128.148499,142.767570,138
Thursday,3,360,left,122.918175,131.871178,118.947350,142.503715,138
Thursday,3,360,right,123.061481,135.502721,127.478890,142.069101,138
Thursday,3,375,left,123.206145,134.191154,117.977177,142.229303,138
Thursday,3,375,right,125.548980,135.574576,126.542274,142.423430,138
Thursday,3,390,left,125.029504,132.473614,120.012001,145.082566,138
Thursday,3,390,right,126.537176,136.486424,129.664717,142.135884,138
Thursday,3,405,left,119.129484,132.430935,118.525540,142.338954,138
Thursday,3,405,right,125.452085,136.282203,132.079943,140.997966,138
Thursday,3,420,left,121.275001,131.315172,120.674926,140.452915,138
Thursday,3,420,right,123.984174,135.406925,131.068939,139.651548,138
Thursday,3,435,left,127.490473,135.401870,126.024833,143.828201,138
Thursday,3,435,right,128.679204,136.305149,131.076104,141.082552,138
Thursday,3,450,left,131.011374,136.677554,126.618526,142.542828,138
Thursday,3,450,right,129.721231,135.287468,127.836443,140.303727,138
Thursday,3,465,left,131.135378,135.492087,126.082347,143.613379,138
Thursday,3,465,right,130.854416,134.779753,126.086342,141.887170,138
Thursday,3,480,left,130.751463,136.249129,127.294942,145.503641,138
Thursday,3,480,right,127.281863,134.615169,128.051234,139.136417,138
Thursday,3,495,left,129.020141,132.607001,124.930917,140.967551,138
Thursday,3,495,right,130.322001,135.813679,128.028288,142.774122,138
Thursday,3,510,left,132.076223,136.537070,129.666924,142.075535,137
Thursday,3,510,right,131.459167,136.282942,127.412396,140.308934,137
Thursday,3,525,left,128.369206,134.590377,126.509632,141.897055,138
Thursday,3,525,right,125.161065,133.198699,124.245713,140.744935,138
Thursday,3,540,left,126.865868,132.961671,125.678907,139.202258,138
Thursday,3,540,right,127.051033,134.145182,124.823296,141.851393,138
Thursday,3,555,left,125.499389,132.103848,125.073945,139.004197,138
Thursday,3,555,right,125.639992,133.464475,124.983749,140.477386,138
Thursday,3,570,left,127.532229,133.660296,126.923974,139.507622,138
Thursday,3,570,right,124.226496,133.918759,122.397724,141.521649,138
Thursday,3,585,left,127.530970,134.117878,126.710243,138.553520,138
Thursday,3,585,right,125.207133,133.280458,124.622890,139.605311,138
Thursday,3,600,left,126.091564,133.260339,123.778660,139.513731,138
Thursday,3,600,right,127.370964,134.146011,127.185941,140.643574,138
Thursday,3,615,left,126.861522,132.833135,126.972035,138.789900,138
Thursday,3,615,right,130.424247,134.816932,128.295971,141.108199,138
Thursday,3,630,left,125.626957,131.930409,124.583679,139.020383,138
Thursday,3,630,right,127.104078,134.228831,125.804419,138.556889,138
Thursday,3,645,left,126.514848,130.787841,122.235769,138.078399,138
Thursday,3,645,right,129.399585,133.537313,127.376607,138.517259,138
Thursday,3,660,left,126.610892,129.806686,120.669057,139.493857,138
Thursday,3,660,right,128.458327,133.287942,124.775654,139.099516,138
Thursday,3,675,left,127.530362,131.195946,125.623561,137.827195,138
Thursday,3,675,right,129.887031,133.272285,127.084376,138.798178,138
Thursday,3,690,left,128.244400,132.228455,124.129856,138.115475,138
Thursday,3,690,right,129.109615,134.158024,128.575417,138.817156,138
Thursday,3,705,left,128.157294,131.071945,122.903719,136.747519,138
Thursday,3,705,right,129.521223,132.927640,125.979947,138.222362,138
Thursday,3,720,left,128.465014,131.476650,126.817719,136.855952,138
Thursday,3,720,right,129.098656,133.329977,124.955173,139.891560,138
Thursday,3,735,left,131.695968,133.396979,126.857608,141.440311,138
Thursday,3,735,right,130.048997,134.226562,125.936834,139.113873,138
Thursday,3,750,left,131.836787,133.899848,129.144724,140.026366,138
Thursday,3,750,right,130.545801,134.750901,128.158388,139.890889,138
Thursday,3,765,left,133.697824,135.766100,128.985414,144.512044,138
Thursday,3,765,right,131.251833,133.830004,127.860210,141.994555,138
Thursday,3,780,left,132.489032,134.797454,128.332857,141.861424,138
Thursday,3,780,right,132.706814,135.166801,129.272462,142.738614,138
Thursday,3,795,left,131.813259,133.849621,128.015137,139.933231,138
Thursday,3,795,right,133.039982,136.665125,129.073740,142.356452,138
Thursday,3,810,left,131.430885,133.051650,127.193435,139.619157,138
Thursday,3,810,right,133.014453,136.483349,128.580370,142.557439,138
Thursday,3,825,left,132.130545,134.999457,127.772898,141.640542,138
Thursday,3,825,right,134.862225,136.916347,131.146490,144.402227,138
Thursday,3,840,left,131.896300,134.007042,129.057685,140.831614,138
Thursday,3,840,right,133.137988,136.814288,126.911838,143.785005,138
Thursday,3,855,left,132.073314,134.422147,129.578094,139.850753,138
Thursday,3,855,right,133.544901,136.583163,126.569741,144.784845,138
Thursday,3,870,left,130.311654,133.292470,127.956893,138.461967,138
Thursday,3,870,right,135.029874,136.867054,129.019721,146.671090,138
Thursday,3,885,left,131.706490,135.912131,128.721616,140.594736,138
Thursday,3,885,right,133.870320,136.839772,129.610919,144.766876,138
Thursday,3,900,left,132.594844,135.574379,130.957342,141.112394,138
Thursday,3,900,right,133.603022,136.207342,129.337210,143.524627,138
Thursday,3,915,left,131.877034,134.861241,129.691168,139.363279,138
Thursday,3,915,right,131.473876,133.087753,125.169903,142.851470,138
Thursday,3,930,left,131.109833,133.519433,128.505805,138.853587,138
Thursday,3,930,right,131.482469,134.513562,126.252116,141.921028,138
Thursday,3,945,left,130.505257,132.275402,126.722350,138.937491,138
Thursday,3,945,right,131.715476,135.249886,129.025732,140.363337,138
Thursday,3,960,left,130.304932,132.909576,126.394109,139.178964,138
Thursday,3,960,right,129.224875,133.008578,128.103375,137.861152,138
Thursday,3,975,left,130.835738,133.627407,127.305156,139.876072,138
Thursday,3,975,right,129.773498,133.126558,128.074531,137.431381,138
Thursday,3,990,left,129.911092,132.811434,124.823839,139.617178,137
Thursday,3,990,right,129.674435,132.975348,126.968379,137.562601,137
Thursday,3,1005,left,131.404089,133.461674,127.143339,141.610808,138
Thursday,3,1005,right,130.274872,134.038768,127.910314,137.982252,138
Thursday,3,1020,left,132.615087,135.445849,129.895449,140.638853,138
Thursday,3,1020,right,129.905917,133.490296,127.779158,138.937009,138
Thursday,3,1035,left,132.009874,134.315634,129.166184,139.938640,138
Thursday,3,1035,right,129.809130,134.077283,126.458317,137.568478,138
Thursday,3,1050,left,128.212850,133.691578,129.250013,138.875600,138
Thursday,3,1050,right,129.818919,133.286986,127.309366,138.329031,138
Thursday,3,1065,left,125.276374,132.133191,126.205925,139.153058,138
Thursday,3,1065,right,129.947419,133.457711,128.316310,138.327121,138
Thursday,3,1080,left,131.215481,134.400797,128.627773,140.126701,138
Thursday,3,1080,right,130.613903,134.509330,126.686208,140.022125,138
Thursday,3,1095,left,131.917039,135.363090,129.151130,143.146204,138
Thursday,3,1095,right,131.179600,135.166836,128.402099,140.853965,138
Thursday,3,1110,left,130.457822,135.155648,127.659040,143.211086,138
Thursday,3,1110,right,131.515254,135.691159,128.610004,140.501072,138
Thursday,3,1125,left,132.541560,136.484770,128.188757,142.105960,138
Thursday,3,1125,right,131.944210,136.081710,129.437673,141.656287,138
Thursday,3,1140,left,131.489486,136.166649,130.004729,142.416048,138
Thursday,3,1140,right,133.107741,135.974743,129.393957,142.273089,138
Thursday,3,1155,left,135.138189,138.026458,130.754019,146.635833,138
Thursday,3,1155,right,133.474242,137.286138,131.322590,142.615417,138
Thursday,3,1170,left,135.247154,137.267085,132.129071,146.001385,138
Thursday,3,1170,right,133.003918,136.070868,127.507246,146.000844,138
Thursday,3,1185,left,130.321868,134.800232,127.364468,143.451099,138
Thursday,3,1185,right,128.910475,134.410731,123.999776,146.117519,138
Thursday,3,1200,left,129.580112,134.463676,121.465100,144.612099,138
Thursday,3,1200,right,130.394497,134.907109,120.559768,147.689041,138
Thursday,3,1215,left,132.031709,134.313046,122.638210,147.840099,137
Thursday,3,1215,right,132.260399,138.881076,118.504485,149.625720,137
Thursday,3,1230,left,130.924237,132.878988,122.820348,146.720413,135
Thursday,3,1230,right,132.603189,135.334518,125.008103,146.652522,135
Thursday,3,1245,left,124.665203,129.629691,116.912479,146.579418,136
Thursday,3,1245,right,131.090329,134.551792,124.595713,144.703226,136
Thursday,3,1260,left,127.060752,127.929286,113.748147,150.322881,138
Thursday,3,1260,right,130.629004,133.692308,120.337919,147.609515,138
Thursday,3,1275,left,127.602857,129.803195,112.307676,152.601233,138
Thursday,3,1275,right,129.865783,130.065965,118.096973,144.107330,138
Thursday,3,1290,left,124.726231,126.983963,114.580311,142.847611,138
Thursday,3,1290,right,133.155375,132.267629,121.377462,146.737079,138
Thursday,3,1305,left,128.434005,131.094933,118.929699,149.918460,138
Thursday,3,1305,right,131.706545,132.077562,121.795401,143.078708,138
Thursday,3,1320,left,125.727931,128.506548,116.730047,148.939075,138
Thursday,3,1320,right,126.018181,128.901352,119.915318,138.886491,138
Thursday,3,1335,left,123.390530,126.800085,114.486041,141.406817,137
Thursday,3,1335,right,127.431254,128.063290,117.680943,141.673680,137
Thursday,3,1350,left,120.227804,125.109067,109.593212,141.226623,138
Thursday,3,1350,right,132.231898,129.062705,117.767046,146.957606,138
Thursday,3,1365,left,125.279676,131.117132,116.420570,150.355182,138
Thursday,3,1365,right,127.383227,127.716122,116.590550,145.388860,138
Thursday,3,1380,left,134.144496,132.508187,119.880150,150.967733,138
Thursday,3,1380,right,127.875487,127.595079,117.243266,143.634243,138
Thursday,3,1395,left,125.391702,128.035963,118.097773,136.378960,138
Thursday,3,1395,right,129.414028,128.803825,116.382436,141.693112,138
Thursday,3,1410,left,123.555686,129.922651,119.862641,137.507309,138
Thursday,3,1410,right,128.019892,128.158456,118.895482,139.017818,138
Thursday,3,1425,left,127.476426,128.347226,117.881791,139.202129,138
Thursday,3,1425,right,129.228454,130.024198,121.141180,145.612713,138
Friday,4,0,left,123.377422,128.291533,119.113609,135.960134,129
Friday,4,0,right,125.833600,130.263213,118.391917,140.925328,129
Friday,4,15,left,120.768923,123.571940,115.601088,130.398684,129
Friday,4,15,right,127.831795,128.816400,116.791348,144.377950,129
Friday,4,30,left,118.028794,121.410157,114.882572,128.997336,129
Friday,4,30,right,126.714203,129.817137,113.805972,142.210007,129
Friday,4,45,left,126.723235,123.737969,118.025709,135.089835,129
Friday,4,45,right,123.723682,128.899995,111.329420,145.617984,129
Friday,4,60,left,121.793835,125.165065,117.563498,137.670777,128
Friday,4,60,right,120.222030,122.817807,114.114237,140.227757,128
Friday,4,75,left,126.099775,132.487080,118.408333,147.339641,126
Friday,4,75,right,116.761587,127.053459,114.283625,141.893716,126
Friday,4,90,left,128.887095,132.418182,114.687890,153.364180,129
Friday,4,90,right,127.021874,126.594744,115.394529,146.939788,129
Friday,4,105,left,117.019193,122.430335,101.421952,139.341047,129
Friday,4,105,right,129.805676,131.696905,119.466406,157.998016,129
Friday,4,120,left,123.760912,128.858143,113.128093,146.988333,129
Friday,4,120,right,126.506313,128.552141,117.353227,141.287038,129
Friday,4,135,left,123.416489,130.224361,108.216312,157.845793,128
Friday,4,135,right,131.260431,135.572000,116.722767,161.019537,128
Friday,4,150,left,113.373437,121.989406,93.583188,152.333261,129
Friday,4,150,right,129.028036,141.025239,120.149537,156.379896,129
Friday,4,165,left,110.472845,122.891867,93.361632,147.498690,129
Friday,4,165,right,130.224840,135.234412,112.954002,151.345339,129
Friday,4,180,left,119.549897,129.419833,105.507647,156.038584,129
Friday,4,180,right,129.128511,135.697682,117.011515,153.084113,129
Friday,4,195,left,118.996749,130.087908,109.443466,152.954421,129
Friday,4,195,right,135.404462,133.375734,120.084304,154.467179,129
Friday,4,210,left,131.578169,138.231838,122.829370,162.183695,129
Friday,4,210,right,130.253951,139.006059,122.078257,149.061407,129
Friday,4,225,left,121.728664,137.504498,105.456120,160.775768,129
Friday,4,225,right,137.646497,137.643275,120.065245,156.249771,129
Friday,4,240,left,134.293924,141.752647,118.618096,161.629238,129
Friday,4,240,right,135.083376,134.683682,123.067874,150.406469,129
Friday,4,255,left,127.870253,136.940414,114.019186,160.916504,129
Friday,4,255,right,135.631487,138.087812,123.345777,153.483374,129
Friday,4,270,left,128.162535,138.005859,118.820663,154.950044,129
Friday,4,270,right,137.608504,141.622591,128.628995,150.535665,129
Friday,4,285,left,127.210685,131.446077,121.619910,149.720204,129
Friday,4,285,right,139.513455,140.919099,129.492512,149.606700,129
Friday,4,300,left,134.807634,135.253887,122.455458,148.376822,129
Friday,4,300,right,135.320833,135.034312,125.456681,146.657083,129
Friday,4,315,left,135.688841,134.510075,121.424783,155.716930,129
Friday,4,315,right,133.509277,135.537426,125.397685,143.479558,129
Friday,4,330,left,130.292843,131.317110,119.505597,153.862576,129
Friday,4,330,right,135.783340,137.512127,127.435893,143.394336,129
Friday,4,345,left,133.862507,132.768612,117.312708,146.198034,129
Friday,4,345,right,136.863013,137.883571,130.132451,144.931351,129
Friday,4,360,left,133.806528,132.342423,121.414713,146.647357,129
Friday,4,360,right,136.852559,137.752959,131.230288,144.212377,129
Friday,4,375,left,136.675166,137.284511,125.834240,149.726611,129
Friday,4,375,right,137.377782,138.047417,131.676940,143.418714,129
Friday,4,390,left,138.191755,139.139161,128.876933,148.325090,129
Friday,4,390,right,137.513667,135.594734,130.667736,143.021862,129
Friday,4,405,left,133.392548,134.196048,125.419729,144.001284,129
Friday,4,405,right,136.912535,136.835933,132.068733,142.567100,129
Friday,4,420,left,132.652862,133.236989,126.043124,139.585888,128
Friday,4,420,right,135.755893,136.210881,130.774315,141.429795,128
Friday,4,435,left,133.709135,133.479425,128.347571,139.796638,129
Friday,4,435,right,135.450727,135.178794,131.422742,141.925952,129
Friday,4,450,left,133.296048,134.189508,127.341176,139.585838,129
Friday,4,450,right,136.719953,135.290421,131.236757,142.337040,129
Friday,4,465,left,136.608325,136.753985,131.535174,142.289464,129
Friday,4,465,right,137.459681,138.063591,131.228909,143.040473,129
Friday,4,480,left,134.434694,135.185567,129.946889,140.125502,128
Friday,4,480,right,136.703456,136.909729,133.084677,142.249382,128
Friday,4,495,left,132.321114,133.190920,126.610926,141.157879,129
Friday,4,495,right,133.895210,135.758274,129.133060,141.134176,129
Friday,4,510,left,133.428480,133.839044,126.828362,140.584370,129
Friday,4,510,right,134.317228,135.962893,128.193691,141.578964,129
Friday,4,525,left,134.017199,133.914377,128.579722,139.738365,129
Friday,4,525,right,134.115152,136.948001,127.942160,142.448617,129
Friday,4,540,left,134.021768,134.488169,128.497836,139.821177,129
Friday,4,540,right,135.317246,137.359496,127.922449,143.565534,129
Friday,4,555,left,133.717040,134.616378,128.833604,139.077950,129
Friday,4,555,right,131.594922,132.947358,124.311394,139.908718,129
Friday,4,570,left,132.859747,135.038035,125.866234,140.044547,129
Friday,4,570,right,131.000356,132.508819,126.302700,137.560226,129
Friday,4,585,left,131.663763,131.433463,124.460642,140.286189,129
Friday,4,585,right,130.095052,130.631481,124.132571,137.672774,129
Friday,4,600,left,131.823337,132.611939,122.625029,141.501736,129
Friday,4,600,right,130.003552,132.030124,122.090844,137.390717,129
Friday,4,615,left,131.816780,132.809661,124.149488,139.019547,129
Friday,4,615,right,129.437215,129.721643,123.166855,137.747316,129
Friday,4,630,left,129.910765,130.307478,121.807102,137.706679,129
Friday,4,630,right,129.209227,129.515123,120.149455,137.086818,129
Friday,4,645,left,131.098968,130.525822,123.319050,138.526265,129
Friday,4,645,right,129.364024,133.035019,120.110434,138.460568,129
Friday,4,660,left,130.587467,131.192051,124.463920,136.556069,129
Friday,4,660,right,130.596004,134.013624,120.978626,139.526118,129
Friday,4,675,left,131.367814,132.177998,123.534525,138.075234,129
Friday,4,675,right,131.779896,132.585513,126.370982,138.833440,129
Friday,4,690,left,131.182062,133.715212,121.944614,138.985618,127
Friday,4,690,right,131.541896,132.698220,124.949185,140.321565,127
Friday,4,705,left,133.291718,134.253583,125.387549,139.384084,129
Friday,4,705,right,132.693275,134.185360,128.195349,140.360401,129
Friday,4,720,left,133.339642,134.420084,125.016790,143.308310,129
Friday,4,720,right,134.122659,134.919586,129.160839,139.982414,129
Friday,4,735,left,134.078028,135.584417,127.745293,142.203632,129
Friday,4,735,right,134.181024,135.144718,130.819565,140.113621,129
Friday,4,750,left,132.596844,132.806120,126.461231,137.559181,129
Friday,4,750,right,133.987576,134.291502,129.213807,140.708050,129
Friday,4,765,left,133.987707,135.352699,127.906069,140.777637,129
Friday,4,765,right,134.833141,134.364521,129.235571,140.659834,129
Friday,4,780,left,134.398056,135.547521,127.554711,140.636406,129
Friday,4,780,right,135.106219,137.286525,128.435095,142.565334,129
Friday,4,795,left,133.855947,134.308579,127.245652,139.981782,129
Friday,4,795,right,136.000218,137.262333,130.167861,144.030853,129
Friday,4,810,left,135.038457,136.148723,128.653080,141.814037,129
Friday,4,810,right,137.326394,137.969717,128.995153,144.410976,129
Friday,4,825,left,134.807052,134.710845,128.352283,141.811533,129
Friday,4,825,right,136.725165,135.961966,132.708799,142.172908,129
Friday,4,840,left,135.412912,136.698721,129.096678,142.333761,127
Friday,4,840,right,136.155409,137.442059,130.713235,142.453056,127
Friday,4,855,left,134.569825,135.035322,128.028702,141.475636,128
Friday,4,855,right,136.608326,136.438923,130.807995,143.568351,128
Friday,4,870,left,135.603044,135.645684,131.660693,141.075955,129
Friday,4,870,right,134.205861,134.865494,130.138231,139.800011,129
Friday,4,885,left,134.850845,133.832902,129.330762,139.982328,129
Friday,4,885,right,135.181023,134.844453,130.857490,139.856621,129
Friday,4,900,left,133.796770,134.171327,129.375455,140.310237,129
Friday,4,900,right,135.269907,135.459580,131.301505,139.519087,129
Friday,4,915,left,134.257545,133.622995,128.687550,141.164690,129
Friday,4,915,right,135.184599,134.275376,131.152185,140.597887,129
Friday,4,930,left,136.057600,135.946822,129.828356,144.102906,129
Friday,4,930,right,134.413748,134.361716,130.479174,139.507551,129
Friday,4,945,left,135.848117,136.339209,130.084628,141.919037,128
Friday,4,945,right,134.429513,132.849859,129.596793,140.965636,128
Friday,4,960,left,135.870394,136.998976,129.758493,142.662437,129
Friday,4,960,right,134.980751,133.830910,129.951986,140.248796,129
Friday,4,975,left,135.957655,135.232310,129.183948,142.076999,129
Friday,4,975,right,135.387904,134.783302,130.130355,141.998738,129
Friday,4,990,left,134.692190,133.881601,127.643703,140.890985,129
Friday,4,990,right,135.182007,134.639994,129.967185,140.452792,129
Friday,4,1005,left,135.398327,136.402780,129.169863,142.443198,128
Friday,4,1005,right,135.142367,134.253422,129.236962,142.622781,128
Friday,4,1020,left,135.164329,135.691881,129.750120,141.414151,129
Friday,4,1020,right,135.186610,134.350348,128.963256,143.865698,129
Friday,4,1035,left,135.624678,134.745580,130.692460,141.027171,129
Friday,4,1035,right,133.974546,132.657105,127.073943,142.970786,129
Friday,4,1050,left,135.240292,134.838344,130.939428,140.795983,129
Friday,4,1050,right,135.017567,135.773023,127.269724,142.532941,129
Friday,4,1065,left,134.703445,135.408815,129.845296,139.932758,129
Friday,4,1065,right,135.204967,134.858254,128.865912,143.130952,129
Friday,4,1080,left,131.450937,133.483865,127.474466,138.577177,129
Friday,4,1080,right,135.952015,136.681407,130.753734,143.188355,129
Friday,4,1095,left,133.066795,135.917290,130.943189,140.902055,129
Friday,4,1095,right,137.271219,138.895225,131.687969,144.967049,129
Friday,4,1110,left,133.528052,135.469800,131.179435,140.337160,129
Friday,4,1110,right,137.882881,137.434097,132.596260,144.302437,129
Friday,4,1125,left,133.644622,135.500608,128.500023,142.753158,129
Friday,4,1125,right,137.202350,137.679483,130.549549,144.746240,129
Friday,4,1140,left,134.745396,135.584739,127.765338,145.461514,129
Friday,4,1140,right,137.180452,136.655922,131.319408,143.362965,129
Friday,4,1155,left,139.620757,138.992656,132.166985,148.170939,128
Friday,4,1155,right,132.890220,134.652723,127.123138,143.440588,128
Friday,4,1170,left,135.280761,137.210854,128.652403,144.209467,129
Friday,4,1170,right,136.713170,136.880938,129.390053,145.405349,129
Friday,4,1185,left,135.214749,138.645473,127.374619,147.114000,129
Friday,4,1185,right,135.783042,135.974835,127.201352,144.507324,129
Friday,4,1200,left,136.003039,141.661355,129.370524,152.561275,129
Friday,4,1200,right,131.294449,131.898787,123.477542,142.619020,129
Friday,4,1215,left,134.032947,140.533595,123.943947,150.768646,129
Friday,4,1215,right,132.536478,132.756779,123.991836,145.107583,129
Friday,4,1230,left,128.009307,137.115627,118.742375,149.297447,129
Friday,4,1230,right,128.729100,132.526274,121.542526,142.291961,129
Friday,4,1245,left,135.285624,138.834518,122.804728,153.568379,129
Friday,4,1245,right,131.201115,132.417391,119.733380,143.076095,129
Friday,4,1260,left,126.883621,132.373601,116.374490,150.280297,129
Friday,4,1260,right,125.199841,129.926341,118.988809,140.544319,129
Friday,4,1275,left,122.521257,129.058069,113.841716,151.378073,129
Friday,4,1275,right,126.925539,128.860584,119.639614,142.659240,129
Friday,4,1290,left,121.428571,133.450528,113.462805,153.811103,129
Friday,4,1290,right,128.215247,129.786077,120.180399,145.701859,129
Friday,4,1305,left,121.784825,130.141088,111.045270,150.865059,129
Friday,4,1305,right,123.340160,126.239548,116.301856,141.431827,129
Friday,4,1320,left,110.340632,120.110556,99.643322,145.014074,129
Friday,4,1320,right,127.351489,130.130539,116.308302,146.634089,129
Friday,4,1335,left,118.686056,122.415468,104.693020,150.218622,128
Friday,4,1335,right,128.887745,133.918652,120.063820,145.770463,128
Friday,4,1350,left,129.005189,131.323241,116.756416,153.780583,129
Friday,4,1350,right,124.792793,127.680826,118.740446,139.593411,129
Friday,4,1365,left,125.012615,131.518388,116.080427,148.223527,129
Friday,4,1365,right,124.666049,126.682940,114.724212,142.607585,129
Friday,4,1380,left,125.147667,128.237384,116.865992,142.704252,128
Friday,4,1380,right,121.182802,125.491099,112.246296,142.005188,128
Friday,4,1395,left,137.008011,138.071219,117.859291,159.863244,127
Friday,4,1395,right,121.945559,127.591089,117.298802,144.195942,127
Friday,4,1410,left,124.405119,127.548156,114.989420,152.096686,126
Friday,4,1410,right,130.673387,129.265219,118.475439,146.526378,126
Friday,4,1425,left,122.510276,125.885776,111.448208,146.135566,126
Friday,4,1425,right,121.625399,124.498977,114.683308,145.495685,126
Saturday,5,0,left,110.849602,118.078121,102.215334,140.208375,129
Saturday,5,0,right,121.721186,125.517365,112.318855,141.208605,129
Saturday,5,15,left,118.464443,119.835240,106.079536,138.847809,129
Saturday,5,15,right,126.162057,128.715732,113.824439,148.287368,129
Saturday,5,30,left,120.959693,126.887189,112.682197,152.096488,129
Saturday,5,30,right,121.937998,125.202002,115.738826,144.933299,129
Saturday,5,45,left,116.746923,125.892035,112.345662,148.419720,129
Saturday,5,45,right,113.094228,122.915231,107.139981,139.646117,129
Saturday,5,60,left,114.728006,123.540619,109.748678,143.297440,129
Saturday,5,60,right,113.751660,124.051585,110.573406,133.465460,129
Saturday,5,75,left,105.945685,124.511303,87.048510,142.375371,129
Saturday,5,75,right,114.947435,125.805329,107.010727,143.274933,129
Saturday,5,90,left,109.168721,122.607506,95.212938,138.180737,129
Saturday,5,90,right,117.827289,124.273324,114.805070,138.590752,129
Saturday,5,105,left,102.859166,120.756076,89.530982,144.495251,129
Saturday,5,105,right,126.041818,128.559240,112.525971,146.878634,129
Saturday,5,120,left,117.716177,126.079576,103.367602,147.407192,129
Saturday,5,120,right,117.193728,125.471239,104.537755,145.681995,129
Saturday,5,135,left,118.282916,127.034463,108.078421,156.384797,129
Saturday,5,135,right,128.815243,136.429056,119.702112,151.244930,129
Saturday,5,150,left,106.756805,125.184219,91.385809,146.826126,129
Saturday,5,150,right,126.008922,139.225351,118.961064,154.966311,129
Saturday,5,165,left,103.440969,122.131019,54.519242,145.954553,129
Saturday,5,165,right,123.401564,129.449600,108.723928,153.718604,129
Saturday,5,180,left,104.303649,121.406225,51.703744,152.118865,129
Saturday,5,180,right,122.428873,131.596750,114.252448,156.710719,129
Saturday,5,195,left,110.845841,127.779639,95.163687,148.581960,128
Saturday,5,195,right,126.410664,135.810435,118.338802,151.869454,128
Saturday,5,210,left,114.826537,129.322289,101.875044,155.088983,129
Saturday,5,210,right,120.342367,130.937672,112.552479,159.024376,129
Saturday,5,225,left,127.407982,144.575880,112.136471,165.304380,129
Saturday,5,225,right,127.354127,136.833011,120.128274,151.469039,129
Saturday,5,240,left,119.599047,130.649689,107.097955,163.905307,129
Saturday,5,240,right,130.865125,134.578314,115.523744,157.455800,129
Saturday,5,255,left,101.862409,119.873040,49.930088,151.285353,129
Saturday,5,255,right,132.906279,135.988755,119.047820,152.016084,129
Saturday,5,270,left,102.966494,124.293617,0.000000,155.082020,128
Saturday,5,270,right,130.039280,133.665768,117.503740,149.824968,128
Saturday,5,285,left,112.274843,131.314411,102.155048,155.541356,129
Saturday,5,285,right,131.011299,138.350878,119.187077,145.583000,129
Saturday,5,300,left,115.138699,128.971381,100.233109,151.797170,129
Saturday,5,300,right,126.824587,128.612667,117.982025,145.797093,129
Saturday,5,315,left,110.483554,121.368059,91.203445,147.079383,129
Saturday,5,315,right,127.323313,129.559607,117.662450,144.125223,129
Saturday,5,330,left,120.052200,128.703825,114.994493,151.441921,129
Saturday,5,330,right,132.233957,131.988008,121.482914,144.443482,129
Saturday,5,345,left,128.141751,130.696032,115.645211,160.609001,129
Saturday,5,345,right,132.957750,130.875412,121.028114,143.745098,129
Saturday,5,360,left,125.361226,129.970031,116.849912,147.482578,129
Saturday,5,360,right,133.145204,135.896595,121.475786,146.464176,129
Saturday,5,375,left,124.539172,130.872012,116.246931,151.621845,129
Saturday,5,375,right,128.109206,133.061855,119.461826,148.397464,129
Saturday,5,390,left,125.760816,131.184506,121.554766,143.960974,129
Saturday,5,390,right,127.995307,134.412490,119.592239,146.602321,129
Saturday,5,405,left,122.431976,130.002055,117.189980,139.920617,129
Saturday,5,405,right,129.305059,133.062212,123.290665,142.848071,129
Saturday,5,420,left,129.927918,137.464966,125.174599,146.936811,129
Saturday,5,420,right,129.499327,134.803033,122.746330,148.793920,129
Saturday,5,435,left,127.913205,134.049345,124.600665,143.205333,129
Saturday,5,435,right,127.553496,134.474483,121.151174,146.237491,129
Saturday,5,450,left,129.191635,133.094583,123.813279,144.011738,129
Saturday,5,450,right,130.259744,131.887372,120.968584,146.858987,129
Saturday,5,465,left,129.656604,132.888595,125.619134,141.153804,129
Saturday,5,465,right,135.775778,135.520946,126.687072,146.457009,129
Saturday,5,480,left,128.940045,134.150650,123.115289,139.238509,129
Saturday,5,480,right,133.873449,135.179564,128.259132,145.419341,129
Saturday,5,495,left,131.208779,136.901055,125.881983,143.169728,129
Saturday,5,495,right,133.542630,134.043263,128.645323,143.723134,129
Saturday,5,510,left,132.643419,137.380896,128.672477,143.253206,128
Saturday,5,510,right,130.131680,134.192783,121.273986,141.211786,128
Saturday,5,525,left,131.381336,133.925650,126.444768,144.401947,129
Saturday,5,525,right,130.520831,131.646859,123.970209,143.060146,129
Saturday,5,540,left,130.994305,134.302668,126.765146,141.862915,128
Saturday,5,540,right,128.417546,129.779344,120.083047,144.708684,128
Saturday,5,555,left,133.014571,136.839485,127.428819,142.521820,129
Saturday,5,555,right,135.836666,135.903250,124.797275,145.591091,129
Saturday,5,570,left,132.696426,136.757437,127.036293,143.603256,129
Saturday,5,570,right,130.346958,132.704179,123.262436,142.364532,129
Saturday,5,585,left,130.972145,134.518085,126.316342,141.622286,129
Saturday,5,585,right,127.622121,131.045886,122.475701,138.366345,129
Saturday,5,600,left,131.643081,135.972013,128.911490,141.303005,126
Saturday,5,600,right,131.289040,135.226628,129.260487,140.237661,126
Saturday,5,615,left,131.893883,135.930947,128.050723,142.154596,129
Saturday,5,615,right,132.609844,135.767530,128.189668,142.770328,129
Saturday,5,630,left,132.691632,135.299170,127.468915,144.683445,129
Saturday,5,630,right,131.211044,135.047330,127.599923,140.579885,129
Saturday,5,645,left,131.818405,133.703485,128.330444,140.146345,129
Saturday,5,645,right,135.386152,135.293655,128.547555,140.580662,129
Saturday,5,660,left,131.707550,134.328537,126.958103,141.518952,129
Saturday,5,660,right,135.336292,136.234648,132.610758,140.898153,129
Saturday,5,675,left,136.855698,136.027605,131.051274,142.215160,129
Saturday,5,675,right,137.061378,137.317262,132.740439,140.664773,129
Saturday,5,690,left,135.077247,135.484170,128.103822,143.018219,129
Saturday,5,690,right,136.964393,137.887308,133.461355,141.087001,129
Saturday,5,705,left,134.024642,134.558252,128.571992,140.168610,129
Saturday,5,705,right,136.738630,136.473098,132.486430,142.020116,129
Saturday,5,720,left,134.288532,133.984557,128.628638,141.243852,129
Saturday,5,720,right,137.380245,137.243170,132.108654,142.760980,129
Saturday,5,735,left,134.925534,134.500664,129.231680,140.759969,129
Saturday,5,735,right,135.784892,135.855273,130.383839,140.879268,129
Saturday,5,750,left,134.085776,134.277865,128.981784,139.518329,129
Saturday,5,750,right,135.947438,134.412030,131.768417,140.620679,129
Saturday,5,765,left,133.099510,133.232652,128.769451,139.243358,129
Saturday,5,765,right,136.777794,136.069708,132.535070,142.100978,129
Saturday,5,780,left,133.535438,134.092209,127.948732,139.851200,129
Saturday,5,780,right,136.841683,137.724441,131.181292,143.407491,129
Saturday,5,795,left,134.059880,134.531266,129.487633,139.630487,129
Saturday,5,795,right,137.366131,136.205604,131.926900,143.870123,129
Saturday,5,810,left,135.077384,135.311042,128.926605,140.324607,129
Saturday,5,810,right,136.881687,137.638266,131.986774,143.474539,129
Saturday,5,825,left,134.302181,133.992072,128.358663,140.760559,128
Saturday,5,825,right,135.648882,136.033210,130.835350,142.547320,128
Saturday,5,840,left,134.611610,135.310042,128.898118,141.475174,128
Saturday,5,840,right,136.251014,137.725294,130.793163,142.530876,128
Saturday,5,855,left,133.640435,133.165872,127.605984,139.777016,129
Saturday,5,855,right,137.324689,135.810150,132.816450,142.528497,129
Saturday,5,870,left,134.163893,133.185867,127.800942,139.874220,129
Saturday,5,870,right,137.094427,135.692546,132.550452,142.341096,129
Saturday,5,885,left,133.197744,135.286173,126.989440,141.730536,129
Saturday,5,885,right,135.693875,137.376086,131.183811,141.775235,129
Saturday,5,900,left,130.909252,131.919620,124.785327,138.513064,129
Saturday,5,900,right,136.478768,136.624119,130.088886,143.510804,129
Saturday,5,915,left,133.621120,133.635396,129.091762,140.123634,129
Saturday,5,915,right,136.934469,136.190130,131.000263,142.546683,129
Saturday,5,930,left,133.603639,135.257577,128.278077,141.226455,129
Saturday,5,930,right,136.331325,136.145973,130.478542,142.325721,129
Saturday,5,945,left,134.605505,135.674946,129.904485,141.735310,129
Saturday,5,945,right,136.174713,135.067750,131.103779,144.223996,129
Saturday,5,960,left,134.413778,135.024243,129.982608,139.790997,129
Saturday,5,960,right,134.376348,132.897326,128.993490,139.246457,129
Saturday,5,975,left,134.120267,135.080220,128.351356,140.763019,129
Saturday,5,975,right,134.614522,133.641835,130.024543,140.899239,129
Saturday,5,990,left,134.117984,133.877137,128.727754,140.302072,129
Saturday,5,990,right,134.510230,134.174311,129.083540,141.595730,129
Saturday,5,1005,left,134.295857,134.873646,128.692704,141.357527,129
Saturday,5,1005,right,133.251187,134.316410,128.260599,141.177500,129
Saturday,5,1020,left,132.184494,135.314556,128.619004,141.849937,129
Saturday,5,1020,right,131.308190,133.470868,128.277017,140.638215,129
Saturday,5,1035,left,132.474169,135.929333,128.996803,141.992554,129
Saturday,5,1035,right,131.191329,133.666962,127.160881,141.138370,129
Saturday,5,1050,left,130.941349,134.495496,128.109155,141.725269,129
Saturday,5,1050,right,131.565718,133.566931,127.112226,142.275884,129
Saturday,5,1065,left,129.046202,133.712458,125.738639,141.999454,129
Saturday,5,1065,right,134.006114,137.419839,130.259752,143.959405,129
Saturday,5,1080,left,132.439664,135.340315,129.100249,142.865640,129
Saturday,5,1080,right,134.068580,137.064412,130.315167,144.332222,129
Saturday,5,1095,left,131.344254,137.233895,130.294550,142.640725,129
Saturday,5,1095,right,134.711049,137.430906,129.643697,145.979187,129
Saturday,5,1110,left,131.216045,136.820145,127.630797,143.296110,129
Saturday,5,1110,right,132.666462,135.261113,130.647132,142.841736,129
Saturday,5,1125,left,133.566574,136.665193,129.650690,145.182795,129
Saturday,5,1125,right,133.594037,136.037023,130.928739,142.884507,129
Saturday,5,1140,left,130.663783,134.737395,126.367549,141.671878,129
Saturday,5,1140,right,133.880529,136.966493,131.339723,142.621470,129
Saturday,5,1155,left,130.543400,137.319353,123.755092,146.110860,129
Saturday,5,1155,right,134.712933,136.710133,131.954621,143.718200,129
Saturday,5,1170,left,134.490737,138.169344,130.283078,146.498069,129
Saturday,5,1170,right,133.026908,135.960394,129.586571,144.431775,129
Saturday,5,1185,left,134.120670,137.323134,125.941252,148.723176,129
Saturday,5,1185,right,130.687284,134.073035,127.846242,142.294414,129
Saturday,5,1200,left,131.391427,139.769087,124.853228,152.578721,129
Saturday,5,1200,right,133.054111,136.138934,129.621432,144.773554,129
Saturday,5,1215,left,133.614282,136.775948,124.053097,150.918410,128
Saturday,5,1215,right,131.341408,136.061784,124.994979,143.224923,128
Saturday,5,1230,left,129.523748,138.096261,120.153667,150.398666,129
Saturday,5,1230,right,133.501385,135.771303,129.568144,144.364141,129
Saturday,5,1245,left,127.408701,134.208908,123.123003,145.221926,129
Saturday,5,1245,right,128.729154,132.890877,127.516137,140.604689,129
Saturday,5,1260,left,129.079501,133.593694,116.460539,150.305640,129
Saturday,5,1260,right,127.316288,133.192826,123.240227,141.734468,129
Saturday,5,1275,left,127.689700,134.449562,115.953805,153.330133,129
Saturday,5,1275,right,124.260322,128.295867,117.580040,137.615917,129
Saturday,5,1290,left,129.855800,130.740765,119.383790,148.255658,129
Saturday,5,1290,right,123.084063,128.635118,117.997188,137.553347,129
Saturday,5,1305,left,124.772319,128.720685,112.447309,150.661930,129
Saturday,5,1305,right,129.365397,131.045965,119.728103,142.632862,129
Saturday,5,1320,left,129.164184,127.864750,116.232502,151.702079,129
Saturday,5,1320,right,125.808450,128.142746,117.139193,141.687010,129
Saturday,5,1335,left,124.646247,127.826316,114.154670,149.751565,129
Saturday,5,1335,right,134.222906,132.957650,123.898815,151.145848,129
Saturday,5,1350,left,124.468519,125.271073,113.339485,147.562940,128
Saturday,5,1350,right,126.234742,127.379092,118.753330,140.591041,128
Saturday,5,1365,left,125.127638,123.629571,113.453494,151.550224,129
Saturday,5,1365,right,128.509652,133.182352,119.661667,144.702453,129
Saturday,5,1380,left,121.593422,124.844493,111.620388,148.902259,129
Saturday,5,1380,right,130.783247,133.644387,117.939914,147.644517,129
Saturday,5,1395,left,122.618440,131.268046,114.561629,148.224643,129
Saturday,5,1395,right,129.713574,131.460379,120.739083,143.777475,129
Saturday,5,1410,left,122.412645,128.059048,115.619643,146.750630,129
Saturday,5,1410,right,126.976514,130.419098,121.487728,143.866172,129
Saturday,5,1425,left,119.160571,128.979336,114.935650,149.352037,129
Saturday,5,1425,right,124.060634,127.342814,118.599315,141.633771,129
Sunday,6,0,left,122.676479,128.143826,115.995745,152.475589,132
Sunday,6,0,right,123.223578,126.854399,116.365655,142.317703,132
Sunday,6,15,left,121.199793,123.841674,106.183563,157.595850,131
Sunday,6,15,right,123.236191,128.880837,113.214763,149.004608,131
Sunday,6,30,left,117.942584,126.094131,111.979517,151.610156,132
Sunday,6,30,right,117.354083,126.173363,116.250494,142.810146,132
Sunday,6,45,left,103.235916,121.080422,101.449569,133.634013,132
Sunday,6,45,right,123.875920,128.682159,118.402638,144.374427,132
Sunday,6,60,left,108.496198,123.227196,98.941925,136.319005,135
Sunday,6,60,right,116.530755,128.283865,96.670207,148.344509,135
Sunday,6,75,left,98.100936,119.671612,49.302080,134.775699,135
Sunday,6,75,right,117.888234,125.552113,106.965584,155.698714,135
Sunday,6,90,left,112.109709,121.898923,102.278230,141.798265,135
Sunday,6,90,right,113.927035,124.397133,108.012778,141.681890,135
Sunday,6,105,left,113.142124,124.480516,94.861765,149.985303,135
Sunday,6,105,right,119.847967,127.456029,112.256020,150.515618,135
Sunday,6,120,left,115.483832,124.526914,102.596713,147.676494,127
Sunday,6,120,right,125.998779,131.414411,115.630174,160.405507,127
Sunday,6,135,left,101.856648,123.846073,60.569799,151.211033,129
Sunday,6,135,right,123.015869,137.409707,114.940112,156.316221,129
Sunday,6,150,left,95.153666,119.875181,0.000000,147.687391,129
Sunday,6,150,right,120.553367,131.859306,114.163363,155.505211,129
Sunday,6,165,left,107.886677,124.978651,75.656845,151.270986,129
Sunday,6,165,right,107.563086,121.115590,97.048146,140.780260,129
Sunday,6,180,left,101.321809,126.940620,0.000000,155.661267,132
Sunday,6,180,right,113.622242,130.910005,107.260183,151.542073,132
Sunday,6,195,left,94.897699,123.203285,0.000000,151.648648,132
Sunday,6,195,right,122.677091,135.790219,113.746581,156.437677,132
Sunday,6,210,left,82.529218,116.058482,0.000000,140.996076,132
Sunday,6,210,right,118.283040,127.074135,111.667949,147.384278,132
Sunday,6,225,left,86.083476,107.068898,0.000000,155.642099,132
Sunday,6,225,right,113.476566,129.791801,85.117705,156.927583,132
Sunday,6,240,left,88.739681,117.066887,0.000000,143.462878,132
Sunday,6,240,right,121.803174,134.678255,108.857281,155.920139,132
Sunday,6,255,left,93.720463,119.288791,0.000000,154.715845,132
Sunday,6,255,right,113.994918,128.385597,97.684090,154.051744,132
Sunday,6,270,left,94.154097,121.459116,0.000000,148.531270,132
Sunday,6,270,right,121.800622,137.251346,111.770652,159.841837,132
Sunday,6,285,left,93.359621,116.423368,0.000000,148.340341,132
Sunday,6,285,right,120.513273,131.768963,111.573062,151.060467,132
Sunday,6,300,left,109.119626,125.711262,86.089185,154.800127,131
Sunday,6,300,right,127.411966,129.191076,112.869749,148.571401,131
Sunday,6,315,left,91.730158,119.032502,0.000000,137.338641,132
Sunday,6,315,right,116.298665,132.552682,113.335927,149.802839,132
Sunday,6,330,left,95.351021,119.198217,0.000000,139.650218,132
Sunday,6,330,right,129.550722,133.680245,118.562880,149.765335,132
Sunday,6,345,left,112.299004,127.634546,95.283764,149.453918,132
Sunday,6,345,right,131.663424,135.325304,119.109325,156.937421,132
Sunday,6,360,left,119.034601,128.456613,110.833553,153.909220,132
Sunday,6,360,right,125.196688,132.642741,121.249948,151.857532,132
Sunday,6,375,left,117.577730,128.955280,108.386254,158.317652,132
Sunday,6,375,right,124.871046,128.407127,117.927979,152.436808,132
Sunday,6,390,left,115.540154,128.041029,111.131700,146.513466,132
Sunday,6,390,right,124.722947,130.682410,118.364007,143.040671,132
Sunday,6,405,left,126.624296,133.553517,120.816899,153.390641,132
Sunday,6,405,right,134.591419,135.258139,126.626073,147.567493,132
Sunday,6,420,left,126.856891,136.506472,125.691072,148.457878,132
Sunday,6,420,right,127.470692,136.443790,119.866434,151.686707,132
Sunday,6,435,left,125.496390,134.207185,124.341562,143.520024,132
Sunday,6,435,right,129.671322,139.571469,121.952152,151.973344,132
Sunday,6,450,left,126.166721,131.864470,121.180587,142.791454,132
Sunday,6,450,right,126.884048,134.620828,122.190385,146.393576,132
Sunday,6,465,left,125.943760,133.117852,120.577284,142.796568,132
Sunday,6,465,right,134.239492,137.277155,127.806295,152.871279,132
Sunday,6,480,left,126.028516,130.834231,120.933585,141.998847,132
Sunday,6,480,right,132.621308,140.050892,123.565638,152.709714,132
Sunday,6,495,left,130.755592,134.865733,126.049946,142.797657,132
Sunday,6,495,right,135.473377,138.892611,127.252671,148.358211,132
Sunday,6,510,left,131.112707,135.354318,123.280876,144.285225,132
Sunday,6,510,right,131.504968,137.015336,125.094436,145.958291,132
Sunday,6,525,left,131.378304,135.798826,127.231609,144.899745,131
Sunday,6,525,right,129.279410,132.062765,120.276950,143.708878,131
Sunday,6,540,left,131.598633,136.116140,127.458348,144.248490,132
Sunday,6,540,right,131.890646,136.164660,124.506313,144.807084,132
Sunday,6,555,left,133.439013,137.518563,130.473756,145.757113,132
Sunday,6,555,right,135.987846,137.688679,126.585360,150.052144,132
Sunday,6,570,left,131.629592,135.207787,128.370476,141.217417,132
Sunday,6,570,right,133.342955,137.288742,122.216411,146.169720,132
Sunday,6,585,left,132.572906,135.534859,129.504278,141.056654,132
Sunday,6,585,right,133.328933,137.963236,125.410143,146.317923,132
Sunday,6,600,left,133.865460,137.023825,131.682945,143.943282,132
Sunday,6,600,right,129.847120,135.946431,123.176504,143.467048,132
Sunday,6,615,left,131.341779,134.877445,128.231893,140.750300,132
Sunday,6,615,right,129.464460,131.524002,122.069600,142.590464,132
Sunday,6,630,left,132.437332,135.271868,127.811021,142.587258,132
Sunday,6,630,right,129.865314,134.673149,124.373114,141.060552,132
Sunday,6,645,left,133.132805,137.311609,130.318592,142.352297,132
Sunday,6,645,right,132.254157,136.386676,125.954848,144.022872,132
Sunday,6,660,left,131.353872,135.634472,127.194078,141.033783,131
Sunday,6,660,right,132.710881,135.160843,129.851717,143.640625,131
Sunday,6,675,left,131.330969,134.229614,127.354990,140.135575,132
Sunday,6,675,right,132.772394,135.890274,130.153173,142.287295,132
Sunday,6,690,left,130.978157,135.072531,128.927167,140.483640,132
Sunday,6,690,right,131.372420,135.156551,129.103975,140.473316,132
Sunday,6,705,left,133.013092,136.565519,129.558536,140.495777,132
Sunday,6,705,right,132.379970,135.521877,130.421709,141.041472,132
Sunday,6,720,left,131.915924,134.429468,127.152201,139.625410,132
Sunday,6,720,right,131.417476,133.752346,129.547956,140.626435,132
Sunday,6,735,left,132.157905,134.675678,127.728523,140.259190,132
Sunday,6,735,right,132.397420,135.044355,131.695192,140.385976,132
Sunday,6,750,left,130.625641,134.409328,128.022073,139.167127,132
Sunday,6,750,right,132.505003,136.280875,130.263964,141.848095,132
Sunday,6,765,left,128.966585,132.798479,125.677590,138.713520,131
Sunday,6,765,right,131.679007,134.808499,129.469676,140.483543,131
Sunday,6,780,left,127.724767,131.943164,125.539442,135.892911,132
Sunday,6,780,right,132.603833,136.607285,131.024218,141.540932,132
Sunday,6,795,left,130.668399,134.765922,129.095695,139.677903,131
Sunday,6,795,right,131.700767,136.093325,128.525538,140.622140,131
Sunday,6,810,left,130.300140,133.736806,126.347966,140.660116,132
Sunday,6,810,right,131.419662,135.987189,130.142935,141.509190,132
Sunday,6,825,left,131.561858,134.379167,129.126559,139.598099,132
Sunday,6,825,right,130.708161,135.196914,129.768309,140.804157,132
Sunday,6,840,left,130.572586,135.138318,127.603924,139.550229,132
Sunday,6,840,right,130.513535,134.683297,126.407129,139.470812,132
Sunday,6,855,left,131.594891,135.604858,130.264928,140.822386,132
Sunday,6,855,right,130.672796,133.994916,128.664539,139.124782,132
Sunday,6,870,left,129.032412,134.746620,126.676639,138.978494,132
Sunday,6,870,right,130.083200,133.164931,128.423978,140.405866,132
Sunday,6,885,left,127.982737,133.571223,126.489435,139.079582,132
Sunday,6,885,right,126.956637,131.849578,128.027936,138.092273,132
Sunday,6,900,left,127.825567,132.799695,127.196114,139.017684,132
Sunday,6,900,right,127.156379,133.003080,129.513676,138.163309,132
Sunday,6,915,left,127.886340,134.286219,127.712462,139.923243,132
Sunday,6,915,right,127.879314,133.856812,129.275012,139.588760,132
Sunday,6,930,left,127.053523,132.809708,126.903902,138.799135,132
Sunday,6,930,right,127.702641,133.634671,128.239257,138.703252,132
Sunday,6,945,left,126.657712,133.398519,125.671346,137.891616,131
Sunday,6,945,right,127.462606,134.007142,127.789736,138.722284,131
Sunday,6,960,left,126.893154,132.431141,125.081547,139.122669,131
Sunday,6,960,right,127.203003,132.569573,126.235750,139.296668,131
Sunday,6,975,left,128.165055,134.283362,128.250427,139.975514,132
Sunday,6,975,right,127.286979,132.113074,127.575778,138.729437,132
Sunday,6,990,left,127.636014,133.761052,127.152365,140.439081,132
Sunday,6,990,right,125.830665,131.585758,127.409811,137.615914,132
Sunday,6,1005,left,127.797610,133.364045,126.189402,141.254689,132
Sunday,6,1005,right,126.270235,132.545017,125.783801,139.173502,132
Sunday,6,1020,left,128.573777,133.703837,129.247407,139.844064,132
Sunday,6,1020,right,128.042968,132.447099,127.830904,140.727835,132
Sunday,6,1035,left,129.436568,134.327159,129.697528,141.486589,132
Sunday,6,1035,right,127.967966,132.946113,128.142444,139.381900,132
Sunday,6,1050,left,129.529915,135.434093,128.461024,142.369413,132
Sunday,6,1050,right,127.080577,132.320435,127.141453,139.517863,132
Sunday,6,1065,left,130.022185,135.133443,128.497304,142.915301,132
Sunday,6,1065,right,128.332120,133.186960,129.535070,139.121467,132
Sunday,6,1080,left,132.203375,134.865809,129.996715,143.279823,132
Sunday,6,1080,right,128.407382,133.229716,128.975914,140.566391,132
Sunday,6,1095,left,131.516217,135.793099,129.718786,143.055321,132
Sunday,6,1095,right,128.791067,132.804333,127.941762,141.599329,132
Sunday,6,1110,left,126.336734,135.634841,128.318702,141.466266,132
Sunday,6,1110,right,130.099580,134.266395,129.138803,142.250148,132
Sunday,6,1125,left,130.875110,136.335438,129.061614,144.068321,132
Sunday,6,1125,right,129.630811,134.217548,128.585022,141.835922,132
Sunday,6,1140,left,128.122750,135.943297,126.628050,143.187835,132
Sunday,6,1140,right,129.987059,134.396838,129.106677,141.470200,132
Sunday,6,1155,left,127.334117,134.300652,126.768036,148.159652,132
Sunday,6,1155,right,129.247281,133.412880,128.683515,141.161987,132
Sunday,6,1170,left,130.133803,138.165386,127.791289,149.069046,132
Sunday,6,1170,right,129.243937,133.940437,129.217759,140.663191,132
Sunday,6,1185,left,132.222032,137.104899,127.215637,148.024812,132
Sunday,6,1185,right,130.859850,134.796008,127.939512,145.566850,132
Sunday,6,1200,left,133.662012,138.394207,128.065459,151.012380,132
Sunday,6,1200,right,129.391004,134.835800,126.097840,141.153640,132
Sunday,6,1215,left,127.778379,136.241721,122.579759,149.077758,132
Sunday,6,1215,right,130.319313,133.465877,126.623571,143.333042,132
Sunday,6,1230,left,124.538921,131.794462,118.685684,146.891904,132
Sunday,6,1230,right,130.816885,134.387332,127.457972,144.274352,132
Sunday,6,1245,left,126.382835,133.486510,118.561466,152.058321,132
Sunday,6,1245,right,127.736957,132.550807,124.007069,141.403745,132
Sunday,6,1260,left,122.602700,131.296719,117.738192,147.030026,132
Sunday,6,1260,right,126.687008,131.267969,120.937657,139.143706,132
Sunday,6,1275,left,119.221564,125.034164,107.794355,144.740232,132
Sunday,6,1275,right,124.093951,130.790098,124.068873,138.438350,132
Sunday,6,1290,left,115.799529,124.192550,110.172616,141.183142,132
Sunday,6,1290,right,122.854228,130.217269,119.863011,137.654039,132
Sunday,6,1305,left,116.157693,123.292824,112.636651,138.324661,132
Sunday,6,1305,right,123.953447,129.788434,120.817882,138.510786,132
Sunday,6,1320,left,112.704940,122.852990,111.619915,139.711574,132
Sunday,6,1320,right,128.778827,133.446143,123.942836,146.829062,132
Sunday,6,1335,left,118.292920,120.753789,109.601022,141.379052,132
Sunday,6,1335,right,127.929709,128.764301,121.904099,138.387618,132
Sunday,6,1350,left,123.719531,124.845164,112.560941,153.818418,132
Sunday,6,1350,right,130.520364,131.881832,123.315677,144.090526,132
Sunday,6,1365,left,123.945489,124.727161,115.961135,143.959316,132
Sunday,6,1365,right,127.697021,129.777283,121.796996,143.975892,132
Sunday,6,1380,left,119.682382,124.182577,116.059671,139.515718,132
Sunday,6,1380,right,127.929186,129.799331,119.675400,141.786017,132
Sunday,6,1395,left,121.476171,126.011543,115.295856,139.388424,132
Sunday,6,1395,right,123.650418,128.397565,117.496077,143.947517,132
Sunday,6,1410,left,119.115224,127.462810,116.116016,139.323410,132
Sunday,6,1410,right,125.763918,130.290867,118.000178,147.031697,132
Sunday,6,1425,left,116.926182,127.237603,117.053033,136.208223,132
Sunday,6,1425,right,120.767589,125.629999,116.216568,140.808731,132
